method;level;f1_weighted_mean;hierarchical_f1_mean;accuracy_mean;macro_f1_mean;g_mean_mean;mcc_mean;kappa_mean;r2_mean;pearson_corr_mean;ari_mean;nmi_mean;jsd_mean;jsd_scaled_mean;kl_divergence_mean;kl_scaled_mean;train_time_mean;inference_time_mean;f1_weighted_std;hierarchical_f1_std;accuracy_std;macro_f1_std;g_mean_std;mcc_std;kappa_std;r2_std;pearson_corr_std;ari_std;nmi_std;jsd_std;jsd_scaled_std;kl_divergence_std;kl_scaled_std;train_time_std;inference_time_std;stability
CellLENS_Lite;level_1;0.9498624286359275;;0.9407685919386584;0.36741375423936284;0.7219867553476853;0.4174005185675357;0.4058616742926026;0.9998109312533237;0.999905457498941;0.38045583550887524;0.21101094686376437;0.08522667125831425;0.9147733287416857;0.44393837845739864;0.723420565996362;;802.312;0.007696302931585818;;0.013099228677291653;0.01247962795491426;0.04248541116080207;0.058296180259448126;0.06286914899855335;0.0001912534918628185;9.563705602855036e-05;0.06372730568196426;0.040858621523858205;0.03265277517275848;0.032652775172758476;0.3444361945226557;0.16235741801582804;;0.0;0.961518485342071
CellLENS_Lite;level_2;0.8113177447986397;;0.8074128849501143;0.3997746378803594;0.6496013908591266;0.5090290450281392;0.506595596441354;0.9947778635654968;0.9973824933963537;0.406559214021376;0.2416005292402769;0.09434247189511905;0.905657528104881;0.450735193333667;0.7201336837458534;;802.312;0.015963076699534583;;0.01808337479487303;0.01572476886380117;0.0361357816962383;0.038495451828223635;0.03722850485983038;0.005472484385025357;0.002744410676620824;0.043595603711549115;0.03555229780800232;0.035367257041652264;0.03536725704165225;0.3459085817392851;0.16230881446543316;;0.0;0.9201846165023271
CellLENS_Lite;level_3;0.5963712565380589;0.7761722088867151;0.5891036506979443;0.3741999795315098;0.5029188643552432;0.4981024466898763;0.4936581110293508;0.8686398088329185;0.9318043788933874;0.29304972736953394;0.35063895529710043;0.2578583324683889;0.7421416675316111;2.5821027363616755;0.2905371237904527;;802.312;0.02489972621658345;0.01867049258277673;0.028240619995525674;0.021101004365872224;0.05561532844331179;0.03220066873208994;0.032706177360877026;0.040273042595368895;0.02180620060977993;0.024001628622390064;0.02287308546951585;0.02280791605400554;0.022807916054005572;0.7544892477718927;0.0691093266124683;;0.0;0.8755013689170827
FuseSOM_12;level_1;0.9208610150251936;;0.9198075107222898;0.2399069474858611;0.958529934795495;0.013549380126459357;0.013263471328221255;0.9949785316251802;0.9974861059810207;0.02480041242726208;0.0021419025027389397;0.2037067822805132;0.7962932177194868;1.3530893352524944;0.42497324050499624;;81.816;0.0;;0.0;0.0;0.0;0.0;0.0;0.0;0.0;0.0;0.0;0.0;0.0;0.0;0.0;;0.0;1.0
FuseSOM_12;level_2;0.7352635876924324;;0.7278586136676488;0.2766463416313593;0.7054959011031828;0.3574978598553481;0.3532297550877699;0.9825328910722118;0.9912279712922814;0.23046702080877296;0.12419619497826076;0.20984639373931718;0.7901536062606829;1.3634953792293385;0.42310215995686373;;81.816;0.0;;0.0;0.0;0.0;0.0;0.0;0.0;0.0;0.0;0.0;0.0;0.0;0.0;0.0;;0.0;1.0
FuseSOM_12;level_3;0.419202529695944;0.6765455293053818;0.41201465284809047;0.2524806963809912;0.26573611876092335;0.28605222375023853;0.2749503213413581;0.5704854451061951;0.7553048689808607;0.1739062993301987;0.23496855274495818;0.441207342942518;0.5587926570574819;7.0819019804287935;0.12373325022025869;;81.816;0.0;0.0;0.0;0.0;0.0;0.0;0.0;0.0;0.0;0.0;0.0;0.0;0.0;0.0;0.0;;0.0;1.0
astir;level_1;0.7950539439461574;;0.6932685634975712;0.21130945698255124;0.3708856335493184;0.047195064620563984;0.02819041720878033;0.8432782740536077;0.917589444621844;0.03004806260836467;0.013133046829601874;0.41160389544166237;0.5883961045583377;9.386534237850501;0.09789849945370455;;1021.8919999999998;0.028373821084958582;;0.03838169967370676;0.01500937300964725;0.3355811512442656;0.04329832302514164;0.027505343375533994;0.07439032034261285;0.04043335832242678;0.025874281520276116;0.018058049631891296;0.0369521024996871;0.03695210249968704;1.4859426760653776;0.014211796028512273;;0.0;0.8581308945752071
astir;level_2;0.6568590595679556;;0.5673905871378027;0.25558682389244847;0.34080456357413463;0.281408575743118;0.2422192894517893;0.7186122771470914;0.8460029925267465;0.16488848738267223;0.11643074036429057;0.41667980337692445;0.5833201966230755;9.401073265298717;0.09772963571343271;;1021.8919999999998;0.025730515727727197;;0.018361891670978566;0.017190695809410628;0.2712371321025576;0.03713363830263785;0.029010974052559483;0.10317734799376647;0.06011669675390881;0.04184525462968572;0.04713769325405059;0.03262250544739499;0.03262250544739498;1.4733471090609391;0.014048946582474102;;0.0;0.871347421361364
astir;level_3;0.5194589629440445;0.5462228773605485;0.44498242340815236;0.2887181994743727;0.28761420963790957;0.38108187017297135;0.3589791867902116;0.29047639232129197;0.5255177798248936;0.21360613502473208;0.3201111506650879;0.4489493579247986;0.5510506420752014;10.521780559715387;0.08768543985883576;;1021.8919999999998;0.026424727040078783;0.018508053837682018;0.02174585785122633;0.0273569159907244;0.1894235120591075;0.03286236838746142;0.025878529654597266;0.14801701757619912;0.1337322670917845;0.014459931275065759;0.011975390297108651;0.033306796635924174;0.03330679663592416;1.2798432344771806;0.010069305378873723;;0.0;0.8678763647996061
celllens_full;level_1;0.9408520712323163;;0.9332260156312214;0.3330856310406523;0.543195485450931;0.26783883399038794;0.25954894277936036;0.9983946084612226;0.9991965787300192;0.2394470556638939;0.1337815748391959;0.12021266610195654;0.8797873338980434;0.757354390393803;0.6185173640685209;;;0.010009810200342575;;0.016904847716286343;0.041953922871021294;0.20643043842899544;0.14408608814236468;0.14185580349026378;0.0020047392077788464;0.0010034412335422139;0.13733712897576594;0.06080732566818943;0.049311266330891286;0.049311266330891314;0.6407397281184187;0.17339853549718723;;;0.9499509489982871
celllens_full;level_2;0.7819369983889413;;0.7821116938373852;0.3580954881423023;0.5048117906329901;0.42656846842098456;0.42178855609884114;0.9909108753884105;0.9954414024591556;0.32407403107612043;0.17918275650027843;0.13121167682872456;0.8687883231712755;0.7680877848175717;0.614374107709219;;;0.014569830573952948;;0.017189852071687124;0.03489043536699322;0.14546627148456634;0.03441139041615174;0.03492212692812723;0.006008087628439266;0.003018621075928186;0.040191288403415695;0.026879886449877762;0.04978929798033441;0.04978929798033441;0.6389920924528183;0.17255217202340897;;;0.9271508471302352
celllens_full;level_3;0.5421013197662022;0.7482972456570888;0.5455944756032355;0.3156053654429063;0.4123315455296549;0.43850180568565633;0.43175409616379756;0.8311742018945463;0.911523533244381;0.24515088646436095;0.3093858490768586;0.3271405183074453;0.6728594816925547;3.21287661502659;0.2403545874792743;;;0.021736586764793373;0.01470525553503741;0.012677981765754836;0.024337424851283557;0.17193465172004327;0.01911448055895634;0.021070466206671235;0.03498167077984176;0.019334238937255718;0.01619792693773503;0.01705702872979654;0.03631680054346938;0.03631680054346936;0.5436977960986376;0.029079086652557436;;;0.8913170661760331
cellsighter;level_1;0.9130476654467122;;0.8680759939793624;0.3558080237962707;0.641792558067994;0.28626096865042977;0.23983704316545626;0.9830043857914703;0.9914274539677711;0.23246923899384356;0.1559312860306313;0.22585128689956963;0.7741487131004303;3.221799530348308;0.28332058998466836;12114.0;6124.6;0.03372184027618247;;0.05455567334492472;0.042319564602024795;0.15799539610878532;0.11622941808023743;0.11875735364433636;0.019289613126784684;0.009746108867981914;0.10476327527737714;0.08339958930317712;0.06975231449224427;0.06975231449224427;1.9581099204687038;0.12980030166818884;0.0;0.0;0.8313907986190876
cellsighter;level_2;0.7735173643975115;;0.7291599165941697;0.3901747099292991;0.6185222319644799;0.46439823232458044;0.44381382688828375;0.943582763141805;0.9712042801120786;0.33306855395116797;0.22862858342364412;0.24157079328735281;0.7584292067126472;3.250980675322333;0.2808780193743285;12114.0;6124.6;0.051460990257213006;;0.06705327261325292;0.04038315271794158;0.12252067844595135;0.09897048712233515;0.10834642328700786;0.04040688329801893;0.020766843578894738;0.10758467582722486;0.07432429943835095;0.0671483024920482;0.06714830249204816;1.945709998741034;0.12941633853936002;0.0;0.0;0.742695048713935
cellsighter;level_3;0.5967700962592366;0.7015424643609367;0.5467743942796122;0.34010868666051064;0.5115852851209561;0.46450520174471144;0.45567882110927693;0.7243854814999622;0.8445806353453273;0.3012305754244233;0.32032083150798457;0.3470752746657392;0.6529247253342608;6.433742009735698;0.1643842595288755;12114.0;6124.6;0.08367129241465177;0.07193356521758361;0.09863284617957381;0.049989807752399876;0.13006530724009238;0.11062117334843401;0.11483199931908657;0.1988670032414217;0.11762775979570751;0.09035843658597667;0.07156498324453694;0.09804817583099265;0.09804817583099265;3.2323505656843845;0.08696378374809527;0.0;0.0;0.5816435379267412
deepcelltypes;level_1;0.7101650947946915;;0.5809945279348357;0.03675024389065127;0.32147556238944314;0.004230691738482255;0.0021454297919031307;0.8815603018653422;0.9389144273390105;3.99122374108605e-05;0.0006871564632165809;0.4241895853237946;0.5758104146762054;8.027888658661622;0.11076787029717858;;3041.386;0.0;;0.0;0.0;0.0;0.0;0.0;0.0;0.0;0.0;0.0;0.0;0.0;0.0;0.0;;0.0;1.0
deepcelltypes;level_2;0.4779117241517932;;0.3812186437014368;0.03377530414336682;0.2762581964382324;0.07764469100196034;0.06441381971210602;0.8255780826087173;0.9086132745061108;0.023476538500310423;0.012450283110356971;0.43973968150453063;0.5602603184954693;7.796807523509726;0.1136776037588035;;3041.386;0.0;;0.0;0.0;0.0;0.0;0.0;0.0;0.0;0.0;0.0;0.0;0.0;0.0;0.0;;0.0;1.0
deepcelltypes;level_3;0.1488708127932072;0.3354086930047754;0.12060158587501849;0.020586869923740127;0.08532502116381431;0.023137065055488078;0.021693529221574637;0.36500849002864544;0.6041593250365713;0.008111359328827608;0.02080042915287122;0.6224160151640304;0.37758398483596955;14.367995162371653;0.06507029638117584;;3041.386;0.0;0.0;0.0;0.0;0.0;0.0;0.0;0.0;0.0;0.0;0.0;0.0;0.0;0.0;0.0;;0.0;1.0
deepcelltypes_adapted;level_1;0.7099577812490236;;0.5807214934983674;0.20207233112004683;0.32139909720469284;0.004254360661381927;0.0021437670505097817;0.9415848886880912;0.9703529711852751;0.0010532800155572484;0.0002349724617534358;0.4244210616352885;0.5755789383647114;8.245897732972235;0.1081560740644851;;;0.0;;0.0;0.0;0.0;0.0;0.0;0.0;0.0;0.0;0.0;0.0;0.0;0.0;0.0;;;1.0
deepcelltypes_adapted;level_2;0.4778680291987129;;0.3811333204400405;0.18234473136050586;0.27612936868384963;0.07903020618092786;0.0643687064346189;0.819420129501889;0.9052182772690183;0.028596875538775896;0.013475544610230511;0.43989774345820026;0.5601022565417997;8.291320342342509;0.10762732993316233;;;0.0;;0.0;0.0;0.0;0.0;0.0;0.0;0.0;0.0;0.0;0.0;0.0;0.0;0.0;;;1.0
deepcelltypes_adapted;level_3;0.16394687909855216;0.3437897938211184;0.13037394341361305;0.07923247480790561;0.08314744238648387;0.028560701854611202;0.026518057664199568;0.04473280515844459;0.21150131242723907;0.009667550885515325;0.020502510941783035;0.5642665443537193;0.43573345564628074;13.491332721521442;0.06900676557614849;;;0.0;0.0;0.0;0.0;0.0;0.0;0.0;0.0;0.0;0.0;0.0;0.0;0.0;0.0;0.0;;;1.0
flowsom;level_1;0.9174749419510805;;0.8853767306401521;0.3367822553929005;0.6296544281316104;0.24558692764927909;0.21216590162362775;0.9955485595086051;0.9977716959898577;0.19353859320257177;0.10509861475181492;0.18359915510277552;0.8164008448972245;2.0291929835960936;0.3316821280551109;;16.612000000000002;0.004037797119334099;;0.00823465302063846;0.005756736144660862;0.03495976461499619;0.02193339001981749;0.016553261888027096;0.0010029992919770821;0.0005027302060350438;0.01589725340608611;0.010587071840050267;0.010879961044532987;0.010879961044533013;0.23674375056913963;0.02501082639341585;;0.0;0.9798110144033295
flowsom;level_2;0.7800127286185753;;0.7502838420495785;0.37482752514571765;0.6059331546025789;0.45249476481368667;0.4437816537908718;0.9915441277062955;0.9957627916161795;0.33535088842808325;0.19655512742946854;0.1856744917236332;0.8143255082763667;2.0321932548250006;0.33135314398895954;;16.612000000000002;0.002952919590647032;;0.0066527108592775155;0.004283775275346745;0.02318030460543154;0.004577455689665555;0.005172912367260972;0.001710708427215057;0.0008591704200496011;0.004387557204115174;0.0030459091411440416;0.010955779437977188;0.010955779437977216;0.2368492627135058;0.024987457392777933;;0.0;0.9852354020467649
flowsom;level_3;0.5448917400539386;0.7149431530388555;0.5129691357322442;0.34297038250843914;0.41743737301365763;0.40797181912926944;0.40196368319211634;0.7805652913824606;0.8834427658227;0.22434932239400157;0.25853081406673006;0.3183076919958821;0.681692308004118;4.773436507338081;0.1738462772237059;;16.612000000000002;0.004804524608767691;0.006733396152086418;0.005081238811610096;0.014109174490241147;0.022083933725539937;0.006062800994510307;0.00688686327948517;0.01914879055210125;0.010849590890834973;0.004262508152739355;0.0032056314538680044;0.011098406040777985;0.011098406040777949;0.4066065949748883;0.011352142884849143;;0.0;0.9759773769561615
flowsom_meta_clusters;level_1;0.9398198246082389;;0.9596022798375445;0.489692367533425;1.0;0.0;0.0;0.9999999999999997;0.9999999999999998;0.0;0.0;0.1431756053527633;0.8568243946472368;0.05949150967473613;0.9438489981925386;;16.612000000000002;0.0;;0.0;0.0;0.0;0.0;0.0;0.0;0.0;0.0;0.0;0.0;0.0;0.0;0.0;;0.0;1.0
flowsom_meta_clusters;level_2;0.6590830878538168;;0.7531222625453635;0.30948564003470114;0.19293282164314554;0.09428674159628139;0.03694342249884317;0.953991201462474;0.9767244375294737;0.02344249872144374;0.01295198007356608;0.3255225072052857;0.6744774927947143;0.33455125320532375;0.7494248550408152;;16.612000000000002;0.000764604436587926;;0.002354786675042146;0.0021941216146081667;0.012224797915695331;0.012564845118862236;0.0019460743318835665;0.0016564598720556017;0.0008474927779979815;0.001590765782466631;0.0024638894838864664;0.010224143743412321;0.010224143743412356;0.017865147433150996;0.010207069237225001;;0.0;0.9961769778170604
flowsom_meta_clusters;level_3;0.16470561523317837;0.6927372298169974;0.31503964687546215;0.07060281816144741;0.042138809031403594;0.04119821812352831;0.0112946447580335;0.5467435384831993;0.7393336550404818;0.002797595849269466;0.017423290567159792;0.6672641288590592;0.33273587114094083;1.8338106233332347;0.35403717266766443;;16.612000000000002;0.009390249997450318;0.0028219323277336966;0.004934753354266498;0.00814542081843178;0.013084874459785156;0.017659614584252515;0.0065693917021395895;0.01881934213856011;0.012712445067797123;0.00034201984280885596;0.002420792759720422;0.01454241870781853;0.01454241870781853;0.18652214557886684;0.02196350996190489;;0.0;0.9530487500127485
leiden_res0_5;level_1;0.9277197640358305;;0.9019362692119544;0.3529806888154982;0.7351244270355539;0.3480502438570322;0.3092013316260892;0.9977014011300772;0.9988497337132098;0.28068922015873277;0.15993717860705178;0.14749785839464913;0.8525021416053509;1.353234007938897;0.4997289963010971;372.642;372.642;0.015386846668612718;;0.028837210930532403;0.005637698541455685;0.03061617201237314;0.05468876281827744;0.07064161395984975;0.0017453076414577103;0.0008736354552554468;0.07134616501720098;0.030019748976630806;0.06020761714327806;0.06020761714327809;0.8769865611206336;0.25941907311248597;0.0;0.0;0.9230657666569364
leiden_res0_5;level_2;0.7691519025306206;;0.7448299791811241;0.3801655788959094;0.6651496285728804;0.4482516865802085;0.43764236910389814;0.9864817519485729;0.9931998167919159;0.30576942379257827;0.1949546446576227;0.15657257361496663;0.8434274263850334;1.3656911192055596;0.4975275021014477;372.642;372.642;0.021412428883212178;;0.03327055795205505;0.004436213816085346;0.024684967260148467;0.02518719239374777;0.03178424499210558;0.013274853451284785;0.006696629103276565;0.04449504484203035;0.015767557120444742;0.06393940961686971;0.06393940961686971;0.8819081048026052;0.2597702712629223;0.0;0.0;0.8929378555839391
leiden_res0_5;level_3;0.5128585766129768;0.7058889844151404;0.49571904756487406;0.33735881394626605;0.3899746029712906;0.39291291833066333;0.3851838577813921;0.6956771193286859;0.8327056783820594;0.20938282212885234;0.2724205537967149;0.35512393666150766;0.6448760633384923;5.0659221230499325;0.17549216775449136;372.642;372.642;0.010254362342109141;0.03201846996901548;0.023416840408073167;0.00796018445645824;0.06910229482572479;0.025630230642751134;0.02619933028943757;0.08954717120054666;0.053366334413186584;0.02191860895446312;0.0111582239991186;0.03800113462487738;0.038001134624877385;1.5075388217430372;0.05451085189903362;0.0;0.0;0.9487281882894543
leiden_res0_8;level_1;0.9353482114160684;;0.9155561370177814;0.35656037112373457;0.7598949409331863;0.38116872331684876;0.3460107217547494;0.9989267223136371;0.999463176010412;0.31606269711815904;0.17582687257280744;0.1289128945382025;0.8710871054617975;0.8596667194822982;0.5629202687355856;326.90999999999997;326.90999999999997;0.006838275889202419;;0.012978933977182014;0.002669537235897907;0.02709123631017479;0.035807847859820795;0.03986888690285108;0.0006403503883822344;0.0003203763747950152;0.038925211624757976;0.020046905336883195;0.02622823311466544;0.02622823311466544;0.4493657849534901;0.13373561547299032;0.0;0.0;0.9658086205539879
leiden_res0_8;level_2;0.7876514752800488;;0.7659958362248439;0.39215178346503454;0.7064727343509589;0.5016971119235939;0.48894868080895326;0.9845937370008061;0.9922566722812046;0.34946478609453335;0.23067225252082157;0.14470474512946677;0.8552952548705333;0.8775682923850449;0.5578115722250291;326.90999999999997;326.90999999999997;0.00920517362878861;;0.015125530926085606;0.0035355684236408826;0.013148884759720793;0.011543158282068514;0.015743221083559637;0.01002214872980933;0.005053874038304821;0.019826505018411027;0.008021561424984485;0.029198916128574302;0.029198916128574292;0.4556796922735193;0.13340833415368317;0.0;0.0;0.953974131856057
leiden_res0_8;level_3;0.5705881632859823;0.732007881161017;0.5423999726965564;0.36815277757600384;0.4588052441995285;0.45134478807803247;0.44531353165924326;0.7839372286854672;0.8852899081901109;0.25901945159447026;0.3105766290687226;0.3093421340028195;0.6906578659971805;4.491651568048419;0.1848735508798399;326.90999999999997;326.90999999999997;0.016396228887517374;0.01439898084239357;0.01726772586675314;0.02729301542860979;0.011479768842531782;0.016573365800216722;0.017052501067983516;0.028075707396869196;0.015772093322234074;0.015967463980692743;0.014934835761888065;0.016520219902502374;0.016520219902502433;0.7034591620832332;0.0272179172171174;0.0;0.0;0.9180188555624131
leiden_res1_0;level_1;0.9341120520218997;;0.913855360007281;0.3545382767234288;0.7403964884553359;0.36402419806015685;0.33014119475960974;0.9988243628236967;0.9994118907058894;0.30057540862492427;0.1677149060957875;0.13257792149653086;0.8674220785034692;0.957279232269652;0.5370013918744305;373.128;373.128;0.009423625456031494;;0.018195227493061107;0.008371684681932915;0.0638725953990154;0.047288655155501576;0.04505365441922295;0.0010842778813390911;0.000542608717211007;0.043877137680739045;0.028085094813610084;0.032584614404446065;0.032584614404446065;0.5321389300604212;0.12139188601354887;0.0;0.0;0.9528818727198425
leiden_res1_0;level_2;0.7880645275211587;;0.7661880979738569;0.390947257202802;0.6933255826998878;0.4983490889773666;0.48660016646604587;0.9873667076323868;0.9936607818773503;0.34947864832970965;0.22847471699945804;0.14675925936919343;0.8532407406308066;0.97229833315081;0.5322665009415156;373.128;373.128;0.012969064416836675;;0.018670883608632068;0.009886525073063647;0.04222597086102664;0.03158521187534574;0.03197440386313451;0.004951999115373293;0.002489525878427999;0.02983058237429071;0.024159281236648452;0.028016015979977455;0.028016015979977493;0.5301327204441834;0.1187857579990902;0.0;0.0;0.9351546779158166
leiden_res1_0;level_3;0.5805213173849546;0.7334880420129604;0.5505637023469585;0.3753075669023514;0.47687156207680975;0.4604219385244244;0.45475854687990774;0.7997541285376588;0.8941817795730973;0.2668815401834268;0.31588874633589237;0.29976482134101845;0.7002351786589815;4.34641500200099;0.18817967062605728;373.128;373.128;0.020608050190439337;0.01736387051788105;0.01820527579103056;0.013464776462386693;0.03396464188496167;0.020719281830899713;0.021034139741657132;0.027966582538755995;0.015535186559381228;0.020218948588288668;0.01787743358000363;0.016736490154159865;0.01673649015415992;0.4690996548963487;0.016254758318372312;0.0;0.0;0.8969597490478033
leiden_res2_0;level_1;0.9397334247856245;;0.9215924733507013;0.3634986469178648;0.7923887146652842;0.42201365756642684;0.38413721787362265;0.99910782296289;0.9995538048769343;0.35688595046911015;0.2018791840376004;0.12274176818366378;0.8772582318163362;0.7165642386145823;0.591399450180337;425.86800000000005;425.86800000000005;0.0037546774132902676;;0.007603907911246967;0.0015271070981752197;0.00764177896998983;0.011041695315056516;0.017177394105685202;0.000265559463478654;0.00013284828461131775;0.016212423674897107;0.007356223977220109;0.016900785177417846;0.016900785177417832;0.24533296863016368;0.07783567165829632;0.0;0.0;0.9812266129335486
leiden_res2_0;level_2;0.8053374108319963;;0.7862254126801742;0.40431687093670876;0.7333668489670356;0.5351364978147083;0.524363606724485;0.9896583432454091;0.9948074064951301;0.3955727631358698;0.2612227530905651;0.13465678244675508;0.865343217553245;0.7287856162013581;0.5869097998189061;425.86800000000005;425.86800000000005;0.003470022029612042;;0.006171963615392222;0.0011742914932427293;0.007060377315682853;0.007531051030821264;0.004955005135007333;0.009046302880192097;0.004550718053535803;0.00878423090083221;0.004403898172562264;0.015858199995824013;0.015858199995824027;0.24270551955764647;0.07587034994839369;0.0;0.0;0.9826498898519398
leiden_res2_0;level_3;0.6062477013406884;0.7561163018355196;0.5797988646318017;0.37597518520686657;0.5357724106889703;0.4907033675341159;0.48692166802930786;0.88477658328607;0.9406055076574502;0.28919735138991853;0.3341052657329351;0.25496513478191213;0.7450348652180879;3.1754272717542387;0.23988530878924053;425.86800000000005;425.86800000000005;0.0036296362127830662;0.0056270987069309865;0.0034886779316594444;0.02380545667489252;0.011852180091287341;0.004069828323365295;0.004093261557408222;0.01293608187322337;0.006879521289723546;0.0052835566642555915;0.002529803834483125;0.005058446927274009;0.005058446927274026;0.1887601211728563;0.010757600377817016;0.0;0.0;0.9818518189360846
logistic_regression_default_StratifiedGroupKFold;level_1;0.9250133775200979;;0.8965595665683251;0.3610661874081401;0.8208732976083958;0.3154532141845107;0.2711019646945721;0.994340231965654;0.9971618003978897;0.253621962885988;0.18190179787835112;0.19305585719747625;0.8069441428025238;2.1797586878774515;0.4085979628780748;2.04;1.036;0.036414967093391384;;0.060163901266106684;0.06935375092354079;0.1027911587859823;0.19639086633286393;0.18266292972515624;0.006518156824909604;0.0032741015739872694;0.16945858937838582;0.11293578251267232;0.07765896212598057;0.07765896212598056;2.050825139607879;0.21113299824838502;0.0;0.0;0.8179251645330431
logistic_regression_default_StratifiedGroupKFold;level_2;0.7994951067313137;;0.7703364496575145;0.404328612873987;0.7390887978448195;0.5382388136100197;0.5219589442606174;0.9452162951883913;0.9715921138548804;0.4185983983488482;0.2922457763716741;0.20701233881358752;0.7929876611864125;2.2097381894350434;0.40579145283506124;2.04;1.036;0.09015553991268357;;0.10711926369913807;0.07206175724524913;0.07623314830316037;0.11470730157244183;0.12738703292279271;0.07497678972765488;0.03913213965840813;0.16487762657069685;0.09786763471303998;0.09226497329862209;0.09226497329862204;2.080732546582822;0.21116296873304652;0.0;0.0;0.5492223004365822
logistic_regression_default_StratifiedGroupKFold;level_3;0.6668372880654094;0.7460964896529405;0.6191623654534316;0.3741749816551172;0.5945451362667995;0.556143208047068;0.5472281970392913;0.7427246567503549;0.8501525049176193;0.4080312850513336;0.41248143659160946;0.33078147619842735;0.6692185238015727;6.009801668814838;0.1997503301725802;2.04;1.036;0.09644784994154572;0.10991375470840928;0.12186566591584329;0.06093036700313963;0.13755817724633895;0.12638183160134836;0.13226466581399676;0.2533844224640112;0.1579769569140239;0.1044993200698552;0.08284236446501123;0.13591640185061693;0.1359164018506169;4.791584874225218;0.12193536868901951;0.0;0.0;0.5177607502922714
maps;level_1;0.9487424078766198;;0.9353574388132444;0.38285438163077173;0.8785958315783656;0.46078379243172146;0.4363160201069916;0.9973905547803208;0.9986929632683055;0.42666301382615235;0.2966333038040664;0.138006236217744;0.8619937637822559;1.100300065938727;0.5625599718369159;509.244;257.315;0.034722761634843134;;0.04131020590388538;0.08334343835606597;0.05092857252336129;0.25805667933853393;0.25446688547012;0.0038126496231989902;0.0019104641752600798;0.23633133009942678;0.1844879356988004;0.07591903715413467;0.07591903715413471;0.9591592115671744;0.2435424246101867;0.0;0.0;0.8263861918257843
maps;level_2;0.854902921691386;;0.8400516570317891;0.44549821107070126;0.8246657838814654;0.6550674862968406;0.6447836363793018;0.9803355469288425;0.9900426340418097;0.5390923076152077;0.40298436459849307;0.1479376767143722;0.8520623232856279;1.1143416527621217;0.5599631601490269;509.244;257.315;0.06457274462827063;;0.06970419900184781;0.07959904896532918;0.033811829782362544;0.10047946985900666;0.1065667028019585;0.027029590803833086;0.013744531112310035;0.13729433805958124;0.10488651460929026;0.08093317078506325;0.08093317078506328;0.9709956487996885;0.24381736367428575;0.0;0.0;0.6771362768586469
maps;level_3;0.7342503956650223;0.8184519077866549;0.7040171086064199;0.41857934644197625;0.705357008583424;0.6485690023861541;0.6429822647267678;0.862016120587386;0.923445136023384;0.4970849881654953;0.5012739940581926;0.25357127404856067;0.7464287259514394;3.394414485382476;0.2861932675517654;509.244;257.315;0.10013973133315965;0.07571303243381383;0.1116422682561223;0.06799102146996182;0.10342460725048655;0.1204583187550408;0.12542110849684956;0.18597908236782462;0.10761738557349752;0.11518012094616036;0.08300892589140743;0.10950780726889657;0.10950780726889658;2.503543934470037;0.130990379922183;0.0;0.0;0.49930134333420184
most_frequent_default_StratifiedGroupKFold;level_1;0.9395413671032801;;0.9593995507374716;0.4896288671858316;1.0;0.0;0.0;0.9999999999999998;1.0;0.0;0.0;0.1425999116255427;0.8574000883744572;0.05985936309013221;0.9436750486422293;0.0;0.0;0.014869749447306617;;0.01004434073730664;0.0026094913200815405;0.0;0.0;0.0;2.0014830212433605e-16;1.7554167342883506e-16;0.0;0.0;0.01885414140251592;0.01885414140251594;0.015064680530439615;0.013512159705512462;0.0;0.0;0.9256512527634669
most_frequent_default_StratifiedGroupKFold;level_2;0.5127616634577248;;0.6249234871105932;0.24569510358782054;1.0;0.0;0.0;0.7750058192690371;0.702394396340807;0.0;0.0;0.465471344036002;0.5345286559639979;0.8660652409556194;0.6135731341000933;0.0;0.0;0.26300659707073515;;0.2578148122850136;0.08432560185616263;0.0;0.0;0.0;0.36161385190903766;0.5933463693936182;0.0;0.0;0.19361547351131123;0.19361547351131123;0.9619896450561982;0.18911878526402337;0.0;0.0;0.0
most_frequent_default_StratifiedGroupKFold;level_3;0.1077405396427014;0.6657259747567752;0.25302187469728377;0.056900458535980886;1.0;0.0;0.0;0.3565476849665745;0.5035468889699852;0.0;0.0;0.7407244642663403;0.2592755357336597;2.060235506644495;0.33456949563265;0.0;0.0;0.05274799486234389;0.04678334347233552;0.08255994399575112;0.016063470552151286;0.0;0.0;0.0;0.2376640362992026;0.37056392264623567;0.0;0.0;0.06781423607453645;0.06781423607453649;0.5867058873874438;0.05428578761108059;0.0;0.0;0.7362600256882805
nimbus_FuseSOM_12;level_1;0.943771190937753;;0.941678706726886;0.4339761757853209;0.5888854779613397;0.30273436334897685;0.30181047598291955;0.9999602995674934;0.9999801495867272;0.282588639247968;0.11863087374554623;0.014908674093569224;0.9850913259064308;0.0025773738334859066;0.9974292519452828;;68.88199999999999;0.0;;0.0;0.0;0.0;0.0;0.0;0.0;0.0;0.0;0.0;0.0;0.0;0.0;0.0;;0.0;1.0
nimbus_FuseSOM_12;level_2;0.7716713488445425;;0.7746555784348301;0.43048367586505376;0.536290720239546;0.4081446981455314;0.4072740754409184;0.9974344000135776;0.9987163761617097;0.31584788505989075;0.1622998947224497;0.032454483286043764;0.9675455167139562;0.0058358566851622;0.9941980029381783;;68.88199999999999;0.0;;0.0;0.0;0.0;0.0;0.0;0.0;0.0;0.0;0.0;0.0;0.0;0.0;0.0;;0.0;1.0
nimbus_FuseSOM_12;level_3;0.3595438931842313;0.7287401790222273;0.42518856440768593;0.267332863245723;0.4590880097493967;0.28690876756337835;0.24726895357828105;0.5232930412765855;0.7233899648713586;0.152689568299053;0.20592286395770737;0.4844117981350857;0.5155882018649143;2.392090561050909;0.2948034499674998;;68.88199999999999;0.0;0.0;0.0;0.0;0.0;0.0;0.0;0.0;0.0;0.0;0.0;0.0;0.0;0.0;0.0;;0.0;1.0
nimbus_flowsom;level_1;0.9426389829374893;;0.9380917168177836;0.3285107101684998;0.5791007415676982;0.2891190063848438;0.2865412043720351;0.9998971283493482;0.99994856168105;0.26947297077731114;0.11432427484477233;0.067718584716678;0.9322814152833221;0.2585185337399707;0.8002547073534838;;17.616;0.0024912853134734588;;0.005244162586182039;0.005457865131155726;0.039624523187529265;0.025972631447647537;0.02560888442436494;0.0001081904885338092;5.409884260473007e-05;0.02349182887226647;0.012626678790609707;0.0156570560668198;0.015657056066819795;0.11888609337154676;0.0751852291465101;;0.0;0.9875435734326327
nimbus_flowsom;level_2;0.7722866862950178;;0.7759012980512168;0.3466155180499574;0.5236928828979772;0.4092792242993569;0.40337832921433125;0.9878040558624601;0.993882946939479;0.31292446694270787;0.15826018949157444;0.09814499450271233;0.9018550054972877;0.2776000802217281;0.7879975096826966;;17.616;0.008262165034158194;;0.016606387161028382;0.005720003972405914;0.03449221920077449;0.006667806030035344;0.007689259209093998;0.001917661267629572;0.0009641352063762563;0.016320441104792634;0.007104812951259095;0.01156601599009274;0.011566015990092717;0.11708860611376395;0.07214457906899764;;0.0;0.958689174829209
nimbus_flowsom;level_3;0.5286392058245963;0.7375459079779907;0.5191055846918692;0.3316297287357624;0.3859329782108699;0.40011944855721027;0.38811696607218915;0.7661511349066583;0.8738793301434736;0.1943572885996121;0.22987414143583562;0.29928390867132915;0.7007160913286709;3.034964830860786;0.28085805983909246;;17.616;0.006859752298585344;0.018171142677932794;0.021451389917129103;0.0066106079741691205;0.015897000147882263;0.013620334979804983;0.01339719250113477;0.09342416529820849;0.05574552958144081;0.004426329437677717;0.003965596116274362;0.03814752892058729;0.03814752892058729;1.9260944686895785;0.08831454735412426;;0.0;0.9657012385070732
nimbus_leiden_0_8;level_1;0.9167116152551837;;0.8845462508958942;0.3345147266773161;0.708169734347912;0.30163409067199315;0.2557404077227291;0.9987618144229671;0.9993807154548098;0.23537063742806144;0.11614654971960514;0.17240472641837787;0.8275952735816221;1.53026009206949;0.39521628750114135;302.46999999999997;302.46999999999997;0.0;;0.0;0.0;0.0;0.0;0.0;0.0;0.0;0.0;0.0;0.0;0.0;0.0;0.0;0.0;0.0;1.0
nimbus_leiden_0_8;level_2;0.7880536788988236;;0.7661175640777693;0.3690794734505695;0.6223017645925049;0.4526213403738376;0.44807102782847197;0.989287631709322;0.9946293941510687;0.3808557065226244;0.19903376231857237;0.17654738361704028;0.8234526163829597;1.5356762283070393;0.39437211613868245;302.46999999999997;302.46999999999997;0.0;;0.0;0.0;0.0;0.0;0.0;0.0;0.0;0.0;0.0;0.0;0.0;0.0;0.0;0.0;0.0;1.0
nimbus_leiden_0_8;level_3;0.5303768401098181;0.7310163869420803;0.5173888806725748;0.33509393521046643;0.37560076484288524;0.40262421451922553;0.39743817994129016;0.8324713577416196;0.91239868354882;0.21260219512101725;0.24413320406395558;0.302095739644473;0.697904260355527;3.1336958266535797;0.24191426799043092;302.46999999999997;302.46999999999997;0.0;0.0;0.0;0.0;0.0;0.0;0.0;0.0;0.0;0.0;0.0;0.0;0.0;0.0;0.0;0.0;0.0;1.0
nimbus_phenograph_40;level_1;0.9370743496075417;;0.9240065528264753;0.33751324909439717;0.6672475033384156;0.3276163980909462;0.3113179662700432;0.9995391752564495;0.9997695493017588;0.2913707618751332;0.13401234509515617;0.09439875296561204;0.905601247034388;0.5059725687393378;0.6974836466476539;;335.912;0.0075498906590525825;;0.01441754613086817;0.004078028719292448;0.011223096198285012;0.02676624136230118;0.035947731927363204;0.00034303601522216626;0.00017155687012093812;0.03368380158527859;0.01711133597104362;0.03648719005667742;0.03648719005667744;0.37100330446936036;0.17184139307768742;;0.0;0.9622505467047371
nimbus_phenograph_40;level_2;0.7890431309898924;;0.7779820479858023;0.36981747267867304;0.6180233086104687;0.46740948318839476;0.46494472474182924;0.9981861306139269;0.9990924699403252;0.3641666232221051;0.1959513920882267;0.09674460347459549;0.9032553965254045;0.5076380447792475;0.6966633632604108;;335.912;0.012796524364028092;;0.01757366898378044;0.007115780168765297;0.013994750485036728;0.02325621748338903;0.024533531030957338;0.0013533807015188946;0.00067742385852754;0.031422271236975594;0.01810337644717492;0.03600443324440295;0.03600443324440297;0.3708477875479159;0.17162964250168444;;0.0;0.9360173781798595
nimbus_phenograph_40;level_3;0.5528228783341402;0.7408818687260347;0.5351941388607638;0.3577444264710802;0.45281885981586123;0.4295750454980191;0.42596742410255717;0.8675541655494854;0.9312420799157408;0.23025757458256954;0.24842619524542958;0.2466307568073529;0.7533692431926471;2.6631994700582498;0.27845318751558323;;335.912;0.008286435231154216;0.016816564047646476;0.010472830430465208;0.010061444901680238;0.029140695783499756;0.007935066274753145;0.008638711869134133;0.038370849441587564;0.020686775476447504;0.00661399005903495;0.004254478492656831;0.019000542346044626;0.019000542346044577;0.5715938896851315;0.04433533227403188;;0.0;0.9585678238442289
phenograph_20;level_1;0.9407108123069357;;0.9242170168712528;0.3631007213902115;0.8013550546020618;0.431544349762115;0.3943392110352345;0.9989705373494605;0.9994851143230982;0.3627611667484994;0.20803099880200676;0.11519626715787479;0.8848037328421252;0.5660520762124149;0.6435110909574216;;191.138;0.004047561273945391;;0.007099373224396629;0.005610212583578599;0.04231835241717798;0.03663551016431002;0.032513383444833545;0.0004666711991028849;0.00023344165221222713;0.031469118675825754;0.025792363648908155;0.013647458003146592;0.013647458003146587;0.15199884714070458;0.06406760281007748;;0.0;0.9797621936302731
phenograph_20;level_2;0.8093794149735182;;0.7937167950307733;0.40536553628361893;0.7334430529038679;0.5339734796212099;0.5273928329982013;0.9964523256610359;0.9982241129704186;0.3997766830025852;0.26070933660265294;0.11915950085701195;0.880840499142988;0.5698486171929616;0.6419870588554067;;191.138;0.003921123036969797;;0.006371329148145166;0.005606222127604188;0.03035585923120064;0.012085402565267375;0.011145265969804079;0.0021708656182545076;0.0010873968095966074;0.008649013203154091;0.01222025573290001;0.014989915325009866;0.014989915325009838;0.15296568356403234;0.06407517128339388;;0.0;0.9803943848151511
phenograph_20;level_3;0.5999368635626968;0.763650123705444;0.5825599253705873;0.3621287872494971;0.5199731750422291;0.4897419146312023;0.48658901378904035;0.9040068334518325;0.9507596840259993;0.2866577215688525;0.3313249443096994;0.2419862073708381;0.7580137926291619;2.5782162172254823;0.28016649521376785;;191.138;0.004523985721691075;0.00545491830889698;0.003945444951701498;0.016119258069652188;0.014825125649827482;0.005569739805815724;0.005929457617029201;0.016797343246986684;0.008864020152735417;0.0012102082384593251;0.001971641146824476;0.008693043676412266;0.008693043676412254;0.1996491513472976;0.015644062561987297;;0.0;0.9773800713915446
phenograph_30;level_1;0.9382691124291751;;0.9201101238893756;0.35846755880605896;0.7852762900692776;0.4145700223263729;0.376581220500814;0.9988216731967972;0.9994106502348521;0.3505405139818935;0.1950353304556742;0.12165501680194915;0.8783449831980509;0.6663718592088379;0.6153895754136239;;241.69400000000002;0.0052386001705157425;;0.008788020160606766;0.008700888047146558;0.05137835369391599;0.0472372596402649;0.0465082650923299;0.00035609830948570595;0.00017816406481251497;0.036963640091415347;0.03197683906961733;0.016573139497848367;0.01657313949784835;0.3028384471286703;0.10601781151986052;;0.0;0.9738069991474213
phenograph_30;level_2;0.7974165568576513;;0.7780605453862869;0.3972881937141954;0.7251006235911663;0.5206832675736784;0.5094328040534063;0.9880651693126131;0.994005385188151;0.3758241026632075;0.24833282735707957;0.13450747905553015;0.8654925209444698;0.6800020575709477;0.6103053699458385;;241.69400000000002;0.016830370578817675;;0.020015168736574687;0.012963232441208998;0.038440168210958886;0.03226075314670911;0.033990281762734255;0.00953871993016139;0.004804103658407745;0.03947078080343266;0.027705427619326293;0.02020063650860999;0.02020063650860996;0.30403935629652384;0.10488431311044868;;0.0;0.9158481471059117
phenograph_30;level_3;0.5950587760411411;0.7484573716862818;0.5722221590198064;0.3643458012506081;0.5091578961741906;0.4813383513167334;0.47742818511318524;0.8783359452084325;0.936778917065436;0.2816862084022981;0.3291795949640612;0.2599858412523918;0.7400141587476081;3.159039632617123;0.2520840500185735;;241.69400000000002;0.015145225265102693;0.020660502974849084;0.020793389244132647;0.010715703258214356;0.03093317804870327;0.021505492188252727;0.022640130929886433;0.057723902299596515;0.03124911499029482;0.01434150788813331;0.010348837364762551;0.033336295597193755;0.0333362955971938;0.9608438884397995;0.06354502461648735;;0.0;0.9242738736744865
phenograph_40;level_1;0.9381230752960035;;0.9195663303034095;0.36181160925054423;0.8122622849077669;0.429797155837038;0.38694556190751184;0.9987218127910591;0.9993607010888995;0.35427905262234105;0.20474848002441667;0.12348197724025771;0.8765180227597422;0.6357008966898289;0.6141158238062367;;292.36;0.00198136667010593;;0.003892560689908469;0.00017578112213976742;0.004039087615980917;0.006257587406412647;0.009676319057369409;9.766471188528413e-05;4.886412723116894e-05;0.009949113199422967;0.00366274665988094;0.00903804138363163;0.009038041383631656;0.11889322218103054;0.047489032355942505;;0.0;0.9900931666494703
phenograph_40;level_2;0.8031049207246788;;0.7853517024834757;0.40159296641278697;0.7367787526636247;0.5251301532535535;0.5162978346089803;0.9931426142627583;0.9965610013763051;0.38906648245633224;0.2549406224350474;0.13034881446056407;0.8696511855394359;0.6428242000310991;0.6114447219780768;;292.36;0.009877632694157777;;0.00930914676443478;0.006768225673106553;0.018688342417637754;0.029961436515687175;0.026863112750496267;0.006592504871091887;0.0033137589333063085;0.02625393402867216;0.023866866737060243;0.011547133814329995;0.011547133814330032;0.11900716677738978;0.04730236849476967;;0.0;0.9506118365292111
phenograph_40;level_3;0.5952684176291697;0.7562607608887372;0.5790787363056166;0.36354548408194026;0.5082510848472276;0.4858793400336495;0.482609152705286;0.9001274695594464;0.9486513446320262;0.2833494093608788;0.3316392880798676;0.24671374066055432;0.7532862593394457;2.5261506030529435;0.28559401914331445;;292.36;0.01380257218283366;0.009235350158344256;0.010878547708308615;0.010931399628970127;0.033035345068732576;0.014260070930508118;0.014958298319006146;0.029017128701541096;0.015333618591803582;0.011016828065767285;0.007912838932251098;0.019634373928370804;0.019634373928370794;0.34928944909851317;0.02523877830993132;;0.0;0.9309871390858317
phenograph_80;level_1;0.938543028831111;;0.9203933971172115;0.36175781850884225;0.8127176738662403;0.4316505025878186;0.3893010121346722;0.9987013028694381;0.9993504385982318;0.35676063621533244;0.2059280610623137;0.12175965623095981;0.8782403437690401;0.6056284481085064;0.6231109231264342;;538.426;0.0003759988760046357;;0.0007759466668319164;0.00103004256616164;0.008477554728729469;0.007398339041354132;0.005739056878326551;0.00013671100204748238;6.840102166646745e-05;0.00546245373104497;0.0051495444450632985;0.002346363976773691;0.0023463639767737302;0.03963655356273332;0.015284123962265578;;0.0;0.9981200056199768
phenograph_80;level_2;0.7951635529985384;;0.7737249860638673;0.4008704491899787;0.7550871858717793;0.5393465932255934;0.5197367387795621;0.9684162071752894;0.9840412204406059;0.37230118488046166;0.26505652685560077;0.15043845367608388;0.8495615463239161;0.6380767633788923;0.6110584664496831;;538.426;0.010680701063996444;;0.012783499309746855;0.004107755062530402;0.004444984048583542;0.007388924957962795;0.013291469822027372;0.01954248188255911;0.00994256311599926;0.024507224752507138;0.005965534985181754;0.01567305646552298;0.015673056465522982;0.056987528268325545;0.021074294493728784;;0.0;0.9465964946800178
phenograph_80;level_3;0.5986212492706853;0.7448511610196399;0.5725850672916122;0.3744957479969517;0.5119508726032201;0.4858834338856985;0.4811733058960005;0.8527443232240943;0.9232110540663097;0.28372145245512986;0.3350420468241272;0.2719485855547853;0.7280514144452147;3.396224615654875;0.23336961214962376;;538.426;0.005251757502115225;0.01372749546433368;0.01125961238498592;0.016634433362176758;0.005173812882753945;0.008157121809968502;0.009403263390099887;0.042687109341420566;0.023067099781602644;0.005493794122132197;0.0035474245124556634;0.022510613289377656;0.022510613289377646;0.7809710260395234;0.04171751139481263;;0.0;0.9737412124894239
random_forest_default_StratifiedGroupKFold;level_1;0.9562339706370816;;0.9523469480159099;0.3764507447817085;0.8154751802327894;0.43425952677409063;0.4247028057407779;0.9985304870559263;0.9992646100963218;0.4194567369093738;0.28639794096459475;0.11676494440663823;0.8832350555933617;0.6120059210900864;0.6498986059343942;7.8420000000000005;4.115;0.027101566325958327;;0.022086966427510252;0.08087289518598;0.14210767279161357;0.2655718039256088;0.25938457673561827;0.0019031627583839235;0.0009526705700560064;0.2583449547005321;0.18203062803901174;0.053130309298398896;0.053130309298398876;0.40594509023532016;0.14723281278137856;0.0;0.0;0.8644921683702084
random_forest_default_StratifiedGroupKFold;level_2;0.8793173999094634;;0.8786005611509807;0.4463851021180071;0.755736783620055;0.6828997982231299;0.6763428041736879;0.9928026089752346;0.9963868180927422;0.6062947576717149;0.4388304131577147;0.12513889552368523;0.8748611044763148;0.6206117351654677;0.6464123670418583;7.8420000000000005;4.115;0.04935745621399738;;0.04022143484209343;0.08028452690757108;0.0962619978282977;0.09748908706526682;0.10453388946285172;0.008865574488283547;0.0044606202280794175;0.10722864748224008;0.10469020056522335;0.055401673236572045;0.05540167323657208;0.40719638779883677;0.14650262995893068;0.0;0.0;0.7532127189300131
random_forest_default_StratifiedGroupKFold;level_3;0.7399859894489346;0.8582603540421971;0.7344792031578647;0.4146686686659221;0.6841978471987754;0.6719787867002139;0.6660100127616315;0.9090335555947625;0.9507748804177284;0.5027731561660773;0.5048429502066567;0.19451052857892498;0.805489471421075;1.2867888766370421;0.4633027843120955;7.8420000000000005;4.115;0.11206744965086962;0.04557588545277955;0.09699374573667269;0.08268768522182306;0.12642453677446963;0.11313869600807844;0.12240362133068294;0.14291833770521442;0.07953523088399807;0.13200905664082832;0.08715991850185455;0.09371260039785624;0.09371260039785623;0.6309522449483871;0.11823465927650782;0.0;0.0;0.43966275174565195
ribca;level_1;0.9342698474969829;;0.9353192796441452;0.2228958759764475;0.330133059513225;0.11983939192070577;0.1192507328133241;0.9993948831695467;0.9996973958001225;0.13167393702372618;0.035730236829382485;0.09572602135076153;0.9042739786492383;0.39276620652831035;0.7179955941727347;;3702.9166666666665;0.0;;0.0;0.0;0.0;0.0;0.0;0.0;0.0;0.0;0.0;0.0;0.0;0.0;0.0;;0.0;1.0
ribca;level_2;0.787173742716497;;0.7809979408652916;0.23541910556758266;0.4088341299894235;0.48540517580233056;0.48011170267610426;0.986733504801494;0.9933446052611823;0.36142552961234814;0.2009333051943015;0.11334218152212075;0.8866578184778792;0.4054761841617097;0.7115026289801174;;3702.9166666666665;0.0;;0.0;0.0;0.0;0.0;0.0;0.0;0.0;0.0;0.0;0.0;0.0;0.0;0.0;;0.0;1.0
ribca;level_3;0.4680628646683395;0.7283093371823913;0.48098997736089466;0.19947728533523848;0.3280431813310501;0.3837835006938066;0.3643999023432247;0.5758139691741018;0.7588240699754468;0.23171938853819082;0.26374070130627464;0.41639140020564563;0.5836085997943543;4.9210901623306285;0.1688878183889004;;3702.9166666666665;0.0;0.0;0.0;0.0;0.0;0.0;0.0;0.0;0.0;0.0;0.0;0.0;0.0;0.0;0.0;;0.0;1.0
ribca_adapted;level_1;0.9342433001653493;;0.935262397469881;0.2786129287376076;0.3301229717527039;0.11987150870201055;0.11919631499961891;0.999194391350934;0.9995971145171108;0.13139085539729875;0.0330251129467181;0.09588867695392049;0.9041113230460794;0.41180599335088874;0.7083126185252431;;;0.0;;0.0;0.0;0.0;0.0;0.0;0.0;0.0;0.0;0.0;0.0;0.0;0.0;0.0;;;1.0
ribca_adapted;level_2;0.7871713325923535;;0.780975187995586;0.32958909296908695;0.4088214909626755;0.48543509985337563;0.48008141083535455;0.9850903271373284;0.9925171671751215;0.3613472068159845;0.201564118359674;0.11346181222241511;0.886538187777585;0.4270116327443009;0.7007651353737668;;;0.0;;0.0;0.0;0.0;0.0;0.0;0.0;0.0;0.0;0.0;0.0;0.0;0.0;0.0;;;1.0
ribca_adapted;level_3;0.4680628646683395;0.7282896180286464;0.48098997736089466;0.265969713780318;0.3280431813310501;0.38381266983690127;0.3643999023432247;0.5243801554740649;0.7241409776238774;0.23165143256834728;0.2641411457307484;0.41639140020564575;0.5836085997943543;4.941363901513778;0.1683115218283825;;;0.0;0.0;0.0;0.0;0.0;0.0;0.0;0.0;0.0;0.0;0.0;0.0;0.0;0.0;0.0;;;1.0
scyan;level_1;0.9146351751179109;;0.8840684406320747;0.33152527875880455;0.7128399598173791;0.2955752710547104;0.25398732061947227;0.9963808908221949;0.9981869730693884;0.22130376962060821;0.1202019296526603;0.1633598774041648;0.8366401225958352;1.2393109533915725;0.45447164628966885;121.478;62.315999999999995;0.021462440007079947;;0.032909227515747395;0.023236662353396473;0.02012639306350841;0.04256698152888307;0.05106654485079244;0.0042627671350017465;0.002138228462713732;0.054037956310666845;0.033208643246861604;0.031647935155592416;0.031647935155592374;0.3124338413199238;0.07111633341741846;0.0;0.0;0.8926877999646002
scyan;level_2;0.7621343613596907;;0.7304012468572598;0.3685521472945429;0.6757146009943792;0.4744289328733153;0.45201953916624105;0.9537172577798053;0.9763769787273455;0.3095745667827386;0.21494069148362666;0.18952713703138213;0.8104728629686179;1.2791393896893397;0.44703243587524444;121.478;62.315999999999995;0.041802971022411935;;0.05155845239895051;0.028687399648990926;0.019225988498726573;0.04792786860557233;0.05934654988760219;0.04372759026075165;0.02250703198629992;0.07584600411602968;0.034017351173592406;0.044044867354035865;0.04404486735403585;0.32886256405939795;0.07197360262943564;0.0;0.0;0.7909851448879404
scyan;level_3;0.5536837121640854;0.6968546432922096;0.5133491086563293;0.3244169787614457;0.5303745147477474;0.44954857007132654;0.4374587181120856;0.6839694943720168;0.8254984113769869;0.24870398739417948;0.32553218051250876;0.36037864702381217;0.6396213529761878;5.594635310514552;0.15231417927513805;121.478;62.315999999999995;0.04275699944746687;0.04689692153458221;0.03534171664480639;0.018452006067944282;0.036448321312113806;0.03711676520166777;0.03810281953780583;0.09511685207007256;0.056145649721148674;0.03490872791240792;0.02030696018549644;0.01855660397695868;0.018556603976958734;0.4985627545754767;0.011174954334481848;0.0;0.0;0.7862150027626656
stratified_default_StratifiedGroupKFold;level_1;0.8809164371516545;;0.846660877310758;0.23564074818056904;0.32836389359703033;-0.0011541097917990603;-0.000803629966738506;0.9862048491186133;0.9930215438674386;-0.0012740668244242276;4.055732063006028e-05;0.22384847631139354;0.7761515236886065;2.716833293112496;0.3395959519576892;0.0;0.022;0.036244713257151576;;0.06785396460645718;0.00978001706201161;0.34778406893566993;0.0022513109986704184;0.0018463254363234583;0.02342380903512053;0.011888152387050242;0.002423406122249143;4.4292597074620596e-05;0.07496861565220789;0.0749686156522079;2.4565515938204325;0.14444223239617746;0.0;0.0;0.8187764337142421
stratified_default_StratifiedGroupKFold;level_2;0.5250539375735453;;0.5029387466678167;0.1766906844205648;0.196029761414016;-0.0006740274705694968;-0.0004992496753213338;0.7674619671345567;0.8569302104538534;-0.0007274260071915449;5.2694127652024755e-05;0.29575629568500006;0.7042437043149998;2.8924505508615317;0.3283886049351154;0.0;0.022;0.07716331823813792;;0.12322048884621696;0.0193434116618484;0.06537787776792782;0.001955220517077549;0.0017259979851314013;0.30357954190307496;0.20350854265260968;0.0007289533605235539;1.7564392293641002e-05;0.11741879746944152;0.1174187974694415;2.63070506418284;0.1440245110771506;0.0;0.0;0.6141834088093104
stratified_default_StratifiedGroupKFold;level_3;0.14262818330916827;0.44243088410702425;0.13750080446081073;0.059715747231267144;0.07024397401371155;-0.00011331998517158505;-0.00011179157732250644;0.2653062753604502;0.46404409177320655;0.0001980825095440834;0.00015831440232347724;0.49043833787867025;0.5095616621213297;7.560458531175584;0.15231060059934023;0.0;0.022;0.01587626980186461;0.10260627302688233;0.03176046014437671;0.006889693147758274;0.013412644925336044;0.0009445937640424177;0.0009025240208567479;0.20129960448550932;0.2499233788854848;0.0007281117258048233;9.349732792541982e-06;0.08080143707984577;0.08080143707984574;5.372444179110485;0.07670987686335508;0.0;0.0;0.920618650990677
tacit;level_1;0.9154208154339394;;0.8805133047405604;0.33404092350688885;0.5525155808993857;0.20014800540268443;0.17290533882254888;0.9929988947265818;0.9964932988869426;0.16459431362675578;0.09209212203641995;0.20626164381272266;0.7937383561872773;2.5399184499488534;0.2824923834091287;;350.48400000000004;0.0;;0.0;0.0;0.0;0.0;0.0;0.0;0.0;0.0;0.0;0.0;0.0;0.0;0.0;;0.0;1.0
tacit;level_2;0.7225517906418301;;0.6804131921138553;0.35493951058671147;0.5677173123602341;0.43086756446628255;0.39145317226549414;0.8489236000987009;0.9213705009922453;0.22046413779367713;0.18296249353235605;0.26451023995797324;0.7354897600420267;2.6528256919594835;0.27376066758432444;;350.48400000000004;0.0;;0.0;0.0;0.0;0.0;0.0;0.0;0.0;0.0;0.0;0.0;0.0;0.0;0.0;;0.0;1.0
tacit;level_3;0.49681363664192746;0.6498729360577264;0.43559231408061344;0.2848482664041012;0.4145146966452189;0.3510045531964529;0.3411008966555882;0.5899541349617636;0.7680847186097141;0.2027032575680166;0.29134092344466894;0.38535277468047585;0.6146472253195241;7.522673054668644;0.11733407976411918;;350.48400000000004;0.0;0.0;0.0;0.0;0.0;0.0;0.0;0.0;0.0;0.0;0.0;0.0;0.0;0.0;0.0;;0.0;1.0
tribus;level_1;0.8847432843457108;;0.8524575462478585;0.3012342329133818;0.5866655668922192;0.2293385754866692;0.21206355268013702;0.8977703403603756;0.9398625356217796;0.18859125295662227;0.0829022174840569;0.16261685676252738;0.8373831432374725;0.7233449455329649;0.6281545837974267;;46.876;0.1178252723864962;;0.1699917767859852;0.055313647729883474;0.050006637372182375;0.07590712602605909;0.0979782725544009;0.22824552280237234;0.13429796394107502;0.10538600034821226;0.04274344520569308;0.16025521765437864;0.1602552176543786;0.5929918421502389;0.1789966393820463;;0.0;0.410873638067519
tribus;level_2;0.6066883089181113;;0.5668912471113052;0.2927052228839482;0.5472008975209197;0.36810195556919406;0.29271986279151463;0.4283985049194615;0.6177489234196956;0.09481689633344167;0.1509257684525442;0.3426764146288014;0.6573235853711987;1.0484302721722512;0.5130423836030481;;46.876;0.0958481992589073;;0.10768638704815385;0.04417727342891877;0.03767424955904102;0.06330285378506557;0.06890643693971972;0.22268178930893984;0.24182838060613523;0.02671953639869671;0.029191276779358743;0.10224492059152951;0.10224492059152952;0.5505673871993825;0.117820304807855;;0.0;0.5207590037054636
tribus;level_3;0.48531580918007816;0.5396988147388788;0.4076755923979903;0.2713895938365261;0.3943565548787137;0.3523214664823705;0.3278919936759389;0.2056433208071556;0.400701026260331;0.16723533850340438;0.2533241217722261;0.4664725178608505;0.5335274821391496;8.945688913488677;0.10179047682873421;;46.876;0.0850926534519859;0.10417490920897494;0.08139001742517413;0.0444230410618523;0.06828640839060836;0.06663240193605825;0.07333468621632434;0.12308891469728563;0.23738683714844314;0.04307349586028716;0.03482504870299365;0.0789037762076565;0.0789037762076565;1.2039034943042202;0.01294048550826943;;0.0;0.5745367327400706
xgboost_default_StratifiedGroupKFold;level_1;0.9626828159302743;;0.9602347086268523;0.39393553545468507;0.8890352035253104;0.5164370068775612;0.5065197129365661;0.99911745960963;0.9995583786518605;0.4987103784854982;0.35342534553340405;0.10114299355086945;0.8988570064491306;0.43444693166558046;0.7162340970722727;3.9400000000000004;2.0980000000000003;0.026210536020669677;;0.018327479299517356;0.08632709355343984;0.07131926395297668;0.2862616761347639;0.28135318094242195;0.0015911055041556664;0.0007963012101448167;0.27227854316020766;0.2046035250767831;0.05293156852357274;0.052931568523572725;0.26923425733929096;0.12810198541916853;0.0;0.0;0.8689473198966516
xgboost_default_StratifiedGroupKFold;level_2;0.8897289918366319;;0.8857332240120244;0.4674976014829066;0.8507648424836546;0.7279245090716664;0.7241648945470762;0.9923744538697656;0.99616615992331;0.6376796285935236;0.48249495892173366;0.10593598160741066;0.8940640183925893;0.4399492253357623;0.7141281741512812;3.9400000000000004;2.0980000000000003;0.048285641488945055;;0.0420083565187644;0.0795971260115804;0.04411232541925255;0.07866794514269672;0.08001786509364937;0.0116311455753118;0.005856160582268686;0.10213124074695146;0.09447554204046538;0.056892685720240574;0.05689268572024056;0.27439200245705003;0.12984793062457556;0.0;0.0;0.7585717925552747
xgboost_default_StratifiedGroupKFold;level_3;0.7972595301122245;0.8700380080659663;0.7820152768417925;0.4528662917491267;0.7862717480658945;0.7342643523147581;0.731567488374572;0.946079586908955;0.9718896943121547;0.5862612186275491;0.5655577383048773;0.17562643052497345;0.8243735694750265;1.466790127887105;0.44237599036387254;3.9400000000000004;2.0980000000000003;0.06363722912256349;0.04425562420008216;0.06192516480435815;0.052281798930281224;0.0442438728150753;0.06962799256736918;0.07258729749419446;0.08194628699542157;0.04344549744768565;0.08096126598391233;0.06273889146873804;0.07084954229171349;0.0708495422917135;0.845627671164264;0.1359663379388743;0.0;0.0;0.6818138543871826
