method;level;f1_weighted_mean;hierarchial_f1_mean;accuracy_mean;macro_f1_mean;mcc_mean;kappa_mean;r2_mean;pearson_corr_mean;ari_mean;nmi_mean;jsd_mean;jsd_scaled_mean;kl_divergence_mean;kl_scaled_mean;f1_weighted_std;hierarchial_f1_std;accuracy_std;macro_f1_std;mcc_std;kappa_std;r2_std;pearson_corr_std;ari_std;nmi_std;jsd_std;jsd_scaled_std;kl_divergence_std;kl_scaled_std;stability
CellLENS_Lite;level_1;0.9781881409215897;;0.9573847065797274;0.2445470352303974;0.0;0.0;0.9994701378354156;0.9997350280344058;0.0;0.0;0.1456666979262121;0.854333302073788;1.2579145078809677;0.45481386019342607;0.007183406281248305;;0.013730624429909593;0.0017958515703120858;0.0;0.0;0.00024031328492120935;0.00012018975295912979;0.0;0.0;0.023785857684535297;0.023785857684535273;0.419142678628795;0.08047025195557038;0.9281659371875169
CellLENS_Lite;level_2;0.8322031281857851;;0.818414937759336;0.30281548274015585;0.4874975853676771;0.4839515930467136;0.9932902364357943;0.9966358565765274;0.3828056968638084;0.2136456263591276;0.1522273168829225;0.8477726831170775;1.2652918760624738;0.45319757099857105;0.014434575722134128;;0.017084794094358143;0.0072227537301839985;0.03472991154672345;0.03357404931414217;0.005979967967580732;0.0030012126228101837;0.041578713572983005;0.032219215024137444;0.023865925958761882;0.023865925958761896;0.41867766808025014;0.07963000148355139;0.8556542427786588
CellLENS_Lite;level_3;0.6063297811914815;0.7858590792336475;0.5909152341434499;0.3318447919484659;0.49494853857132987;0.48981846123464334;0.8652385519929761;0.9299550580720892;0.29547815579439557;0.34826893743558135;0.2877880352214892;0.7122119647785108;3.4744309140891003;0.23131085697400894;0.023845454543333016;0.017719486922477642;0.02740575246572673;0.01730280394035121;0.030733767814539518;0.031379141743951476;0.042309943175925784;0.022971230896309494;0.023250262325397418;0.021928024810092844;0.024122196964454896;0.024122196964454907;0.8462159430374673;0.05237514039863504;0.7615454545666699
celllens_LITE;level_1;0.9767180001558675;;0.9547954949614701;0.24417950003896688;0.0;0.0;0.9991914501539988;0.999595594947054;0.0;0.0;0.14375213775755852;0.8562478622424414;1.3473981333122182;0.4846959565240816;0.014163804816416475;;0.027100456112964192;0.003540951204104131;0.0;0.0;0.0006950805152469619;0.0003477003808926071;0.0;0.0;0.05509093542260812;0.05509093542260814;0.8320353311415147;0.22100562636044827;0.8583619518358353
celllens_LITE;level_2;0.8243947833653298;;0.8091594546532306;0.2985504762472957;0.46911598655913334;0.46598962982591985;0.9945513968543847;0.9972684029975156;0.364154079790483;0.19604018289904468;0.1474010282836265;0.8525989717163736;1.3517762734942025;0.48394358612359795;0.01195676976730706;;0.02131210902280445;0.004496707281692439;0.02815974973501487;0.02974321989904088;0.005945258560314638;0.002985221342218547;0.030409430137994947;0.022558174583867115;0.05622447931980614;0.05622447931980616;0.8331447544871696;0.22114025958147696;0.8804323023269294
celllens_LITE;level_3;0.5999230573724816;0.77692356677142;0.5823177237700059;0.31764315423570544;0.48177198547482825;0.4757177466684482;0.8500862492271575;0.9218892712421323;0.2857302901295212;0.3415021024300599;0.30486478389435834;0.6951352161056417;3.8485642152641537;0.21380160951605323;0.025595833558217578;0.020280569227120734;0.02597367216377911;0.02126189314612445;0.028368014123024844;0.02889947831869155;0.029683421696454864;0.016063187565358163;0.01727873912881309;0.02077210369636978;0.03413362799274741;0.03413362799274746;0.9704589988715497;0.04789319653505969;0.7440416644178243
celllens_full;level_1;0.9784606409711044;;0.9579893301719029;0.2446151602427761;0.0;0.0;0.9990846991081686;0.9995421039484164;0.0;0.0;0.14312774818065882;0.8568722518193411;1.2476922960126289;0.46957998271777573;0.010351737537628209;;0.019703257172547218;0.0025879343844070644;0.0;0.0;0.001185484068507106;0.0005932353470255256;0.0;0.0;0.033635186158649015;0.03363518615864906;0.6185552041717776;0.11466443374270763;0.8964826246237179
celllens_full;level_2;0.8106095352749696;;0.8005133372851215;0.28851571376055907;0.4242165577999374;0.4198785593605453;0.9904986187713481;0.9952346964038876;0.32136173427492587;0.16587880022823834;0.153639116648337;0.846360883351663;1.258702615726405;0.4667501587461757;0.01573135661573028;;0.02118308977671644;0.007823248925551265;0.03926644208627729;0.037267351211715906;0.005679934297162479;0.002854348701974127;0.04391931912693126;0.030156341911741023;0.02970916228972637;0.029709162289726424;0.613815625254342;0.11301124496767823;0.8426864338426971
celllens_full;level_3;0.55704733445423;0.7652753549556083;0.5540391227030231;0.28640602569382845;0.44303769943085847;0.4362149279620845;0.8328526769951392;0.9124222745044464;0.2541491908756745;0.3122005780743477;0.3387322590861115;0.6612677409138885;3.7810050076893233;0.21324309926766757;0.017521617478067738;0.01885582634446558;0.012057812499600161;0.014840435970925117;0.015423757876696045;0.016910353637886004;0.03724542301163614;0.020563012403094737;0.012352876342162495;0.015147588108947957;0.03466023019561131;0.03466023019561132;0.7701606817838591;0.03205945152638163;0.8247838252193227
deepcelltypes;level_1;0.7485766635881801;;0.5981802015411974;0.03402621198128091;0.0;0.0;0.8656563020422204;0.9304065251502809;0.0;0.0;0.4875875153465617;0.5124124846534384;12.929684382481145;0.07178913552827253;0.0;;0.0;0.0;0.0;0.0;0.0;0.0;0.0;0.0;0.0;0.0;0.0;0.0;1.0
deepcelltypes;level_2;0.501451976325836;;0.38999407231772376;0.03165862841680977;0.08117311562179137;0.06373150347863377;0.8040125555256654;0.8966674721019301;0.021767821748025943;0.01237293198064213;0.5003550896758401;0.4996449103241599;12.695458568306593;0.07301690520346317;0.0;;0.0;0.0;0.0;0.0;0.0;0.0;0.0;0.0;0.0;0.0;0.0;0.0;1.0
deepcelltypes;level_3;0.1540468267041505;0.34225559601437744;0.11840545346769413;0.018903545695960623;0.022743601754715893;0.021081323106717176;0.31954738060406435;0.5652852205781294;0.008170682355982072;0.021100825998892746;0.670756939175285;0.329243060824715;19.254100829514645;0.04937271757543449;0.0;0.0;0.0;0.0;0.0;0.0;0.0;0.0;0.0;0.0;0.0;0.0;0.0;0.0;1.0
flowsom;level_1;0.9524250260577499;;0.9091867219917014;0.23810625651443748;0.0;0.0;0.9970944722107875;0.9985461641620261;0.0;0.0;0.21662651857584608;0.7833734814241539;2.7902330733903655;0.2643769978632665;0.0033395134488502566;;0.006075196804648847;0.0008348783622125748;0.0;0.0;0.0003883502904696304;0.0001944482306170752;0.0;0.0;0.007442766973403849;0.007442766973403869;0.19434603334759537;0.013191859399104108;0.9666048655114974
flowsom;level_2;0.8101344400743422;;0.7706769413159454;0.2986763886888606;0.459427556305594;0.44568784485214746;0.9941326546862083;0.9970620043115666;0.3397546760632988;0.19307387018114402;0.21848369501452697;0.781516304985473;2.7933273750462595;0.2641503942133336;0.0028528762927658526;;0.002989099250196916;0.002116022235050373;0.009879190823751825;0.008957364794450627;0.0002661012835809835;0.00013343729686902443;0.006957832096612008;0.007074343105267288;0.006356866313694856;0.006356866313694872;0.19249092204541074;0.013049241460911923;0.9714712370723415
flowsom;level_3;0.563887182619563;0.7346248680388558;0.5248725548310611;0.30556920977229435;0.4144470095804752;0.4089484633568158;0.8220422841924085;0.9065941762383304;0.23317235038438605;0.26361286711424886;0.3300129532142043;0.6699870467857957;5.339104491084385;0.1578562686548806;0.002489477239346839;0.0027004147638910367;0.0025508842470379225;0.01878325762396754;0.0038332517896293027;0.004343312429412647;0.023035759071538542;0.01271238584764719;0.0022491098652290147;0.0035708630733227503;0.0060841553042132405;0.006084155304213261;0.18186102879184296;0.004587386290523181;0.9751052276065316
flowsom_meta_clusters;level_1;1.0;;1.0;1.0;0.0;;;;1.0;1.0;0.0;1.0;0.0;1.0;0.0;;0.0;0.0;0.0;;;;0.0;0.0;0.0;0.0;0.0;0.0;1.0
flowsom_meta_clusters;level_2;0.7060654347818087;;0.7866058091286308;0.4807395776245317;0.1241980722223657;0.05554395047417828;1.0;1.0;0.040288912965997715;0.0215918362658284;0.2905719731965866;0.7094280268034134;0.2692219906255808;0.788258965783892;0.008323604754356709;;0.004267876901452204;0.01769070365823359;0.039486204176225885;0.025597824235147386;0.0;0.0;0.018817300093672724;0.013499364574421864;0.01980452837802528;0.019804528378025307;0.03080141511504707;0.01930336909518966;0.9167639524564329
flowsom_meta_clusters;level_3;0.1831613706903754;0.723823309905449;0.33147243627741557;0.08353678135734875;0.0570658857906224;0.01759346204641903;0.5360338144811877;0.732014122883316;0.0038130853923413486;0.022536570386193007;0.6506083896221634;0.3493916103778366;1.7503342458780033;0.3666004899639572;0.016623251997913622;0.004924866643417366;0.008848301985146098;0.014498052724222377;0.031674337846113454;0.012785634045759308;0.022706138284645065;0.015376052019181357;0.0025901784455875524;0.009654298058498115;0.021054687389406402;0.02105468738940639;0.296895553939298;0.034856443471191746;0.8337674800208638
leiden_res0.5;level_1;0.9563487183062811;;0.9164908120924719;0.23908717957657027;0.0;0.0;0.9976442715505404;0.9988213054604935;0.0;0.0;0.20657221398402525;0.7934277860159747;2.551045032065808;0.28801606950042713;0.012700058170253044;;0.0233215301157199;0.003175014542563261;0.0;0.0;0.0014715149541333974;0.0007366257337967948;0.0;0.0;0.030040240995277617;0.03004024099527759;0.749121198986762;0.0607592811026949;0.8729994182974696
leiden_res0.5;level_2;0.8040976521370533;;0.7690248962655601;0.2954549641517408;0.43768635562203306;0.4276559198580909;0.9958868154289426;0.9979408588622007;0.31259680144615776;0.1766959057319839;0.2071345284335585;0.7928654715664415;2.551984790924549;0.2879492224960925;0.014691482097951705;;0.024088575408886106;0.0054111944662126685;0.028973154895276645;0.033322158640363614;0.0026139838393106365;0.0013096887536456466;0.03155388304941271;0.018417795749421755;0.030422016075318383;0.030422016075318463;0.7498540620471104;0.0607885187751044;0.853085179020483
leiden_res0.5;level_3;0.5204492621245169;0.7275565811390179;0.5022139893301719;0.29378829089937414;0.39478079316142534;0.3876792715194572;0.7411118646225853;0.8602457775369918;0.21996711241102268;0.26979820344417554;0.3694902824964833;0.6305097175035167;5.652281538517584;0.15151482587497297;0.023928753074359446;0.027532475046293504;0.028305228769133134;0.006981331010857264;0.02257566585435774;0.02416576183383676;0.08029616673508415;0.04667048001385357;0.021534590357987386;0.015884753690359875;0.021082800651185646;0.021082800651185587;0.8339030536298222;0.018993284519868172;0.7607124692564056
leiden_res0.8;level_1;0.9553453150780705;;0.9145732068761114;0.2388363287695176;0.0;0.0;0.9980602387848632;0.9990296032790013;0.0;0.0;0.2095545660368372;0.7904454339631628;2.606765766347987;0.28001701462484974;0.008606070851599798;;0.01577263080975086;0.0021515177128999204;0.0;0.0;0.0008503241608199301;0.0004255750570499131;0.0;0.0;0.020056505935224893;0.02005650593522486;0.5064300336172454;0.03931750363524478;0.913939291484002
leiden_res0.8;level_2;0.7984793966175645;;0.7582276229994072;0.29749500460388967;0.4613939827188105;0.4409150021291012;0.986025238182983;0.9929871310923077;0.3028555417661031;0.1899743964237433;0.22008805146527907;0.7799119485347209;2.624396454355564;0.27856966406180544;0.002053833398678407;;0.0071087913508736;0.0003872012104535404;0.01039523749702277;0.010780137466228598;0.0037635842420392536;0.0018950820832386894;0.0028310937510270546;0.0033737952490145206;0.016115379113524796;0.016115379113524796;0.5010255639086167;0.038508624755074244;0.9794616660132159
leiden_res0.8;level_3;0.5784612870481649;0.7240263923000319;0.5340752815649081;0.31999783852992814;0.4404475235951621;0.43229777955687915;0.7437429592895051;0.8623033751253627;0.26208154521286886;0.30717281931661256;0.3664571426713511;0.6335428573286489;6.683927241432551;0.13015471527012634;0.005598560140663855;0.007668816249012675;0.005578892268875523;0.024281410076510603;0.005917514706611998;0.0053259222141502005;0.03234256495981611;0.018753588292005755;0.004930371793483641;0.01151635468145673;0.0020310429912198447;0.0020310429912199232;0.10831470170966719;0.0018346958160371876;0.9440143985933614
leiden_res0_5;level_1;0.9504599854790934;;0.9057332542975697;0.23761499636977335;0.0;0.0;0.9974464207180016;0.9987222731829517;0.0;0.0;0.22020246736406368;0.7797975326359363;2.89235611105486;0.26148473171484876;0.009942173622510831;;0.018018021490346314;0.002485543405627701;0.0;0.0;0.001097975196101743;0.0005497343438640595;0.0;0.0;0.021825900474048403;0.021825900474048407;0.5809555509946929;0.0384698011246238;0.9005782637748917
leiden_res0_5;level_2;0.7911402485808534;;0.7497949021932424;0.2920718695106614;0.42806546016059377;0.41148543276124433;0.9904990394462148;0.9952346406199135;0.28542707218234126;0.1694446541241069;0.22562058226738374;0.7743794177326162;2.9018891123885595;0.26083370358826735;0.0104262962274863;;0.017037024376387194;0.004122652242588528;0.025565126346784012;0.02463912012670929;0.005903871471539907;0.0029684921185646105;0.022616301164224858;0.014404975804340305;0.02219214369284926;0.022192143692849248;0.5810756895972311;0.038353022146496406;0.895737037725137
leiden_res0_5;level_3;0.5512418810075013;0.7143991531885675;0.5141600474214582;0.3145426399620814;0.4090911707843043;0.40156937105551604;0.7454997029941338;0.8633254951843827;0.23298092982297464;0.28379161856982493;0.37087137927563896;0.629128620724361;6.384482848339134;0.13631809184011187;0.0252277519812233;0.018515251140025883;0.02622823560159033;0.016543165892723158;0.03207294482766409;0.03217079232068956;0.02526968623214188;0.014525510265316137;0.030066614848412845;0.027100971143823968;0.014193344143413614;0.014193344143413675;0.6480928002972666;0.012833642895865595;0.747722480187767
leiden_res0_8;level_1;0.9603529434137161;;0.9238612922347362;0.24008823585342903;0.0;0.0;0.9984653667673522;0.9992323458952802;0.0;0.0;0.19675806137094276;0.8032419386290572;2.3111148171179847;0.3100819866275807;0.009587665013603015;;0.017826741714616127;0.002396916253400735;0.0;0.0;0.0006540303630917121;0.0003272689400025784;0.0;0.0;0.02485081134410875;0.02485081134410875;0.5647697194012244;0.059719654538282;0.9041233498639698
leiden_res0_8;level_2;0.8030986061912607;;0.7669413159454653;0.2981119075476175;0.46620387610480246;0.4486092822704787;0.987870534523234;0.9939091817752997;0.31361792396546057;0.1921020034896632;0.20619414995325852;0.7938058500467415;2.326334422177561;0.3086350489008168;0.006860814100153789;;0.013813952604956704;0.0024309317095437535;0.01797142201205867;0.017233041809733965;0.008616786069340176;0.0043406373363073505;0.014609983130670936;0.012777025530748814;0.02566359070835919;0.02566359070835918;0.5679302185499727;0.05918172084813407;0.9313918589984621
leiden_res0_8;level_3;0.5839060748266204;0.7341085386855319;0.5442513337285122;0.3326262075523228;0.44657066927710903;0.43989403152517453;0.7916772197203716;0.889463275004403;0.2640732795174956;0.3118444032280655;0.34313956157849435;0.6568604384215057;5.829132794887554;0.1479910888248705;0.0025612539095436157;0.012417841656290377;0.0070808160918982245;0.015041779497548475;0.0038570920209347105;0.004969489629269381;0.04589047017408923;0.02579491565244557;0.003623057869383495;0.0029725794428266234;0.018286440357695898;0.01828644035769585;0.7835892567983644;0.01701808153975159;0.9743874609045639
leiden_res1.0;level_1;0.965041263427996;;0.9324599881446355;0.241260315856999;0.0;0.0;0.9985351153861068;0.9992672873977613;0.0;0.0;0.18592501154858562;0.8140749884514143;2.040436785204609;0.3299327541497359;0.003627075727480703;;0.0067607418740456915;0.0009067689318701757;0.0;0.0;0.0001493491238366827;7.472777253828262e-05;0.0;0.0;0.009452385490951122;0.009452385490951143;0.21177109727778456;0.022244370766864377;0.963729242725193
leiden_res1.0;level_2;0.817128483045054;;0.7840189685832839;0.30515985531856726;0.49978200126488614;0.4828655324960877;0.988383508621983;0.9941723923093063;0.3477407969801733;0.21864693754711084;0.19549824803265517;0.8045017519673449;2.0551636493027208;0.328386787391236;0.012035577896446978;;0.015243394283683178;0.0050081282703679135;0.018569967412984393;0.022216708244254906;0.005312209562585074;0.0026729174997485823;0.02878073373841084;0.016369499225443555;0.012736742460301521;0.012736742460301502;0.2175254511248184;0.022591263639204835;0.8796442210355302
leiden_res1.0;level_3;0.6000567496415073;0.7517720382762371;0.5620410985971152;0.3488024374757262;0.46469388294530645;0.4589184702692295;0.8221984127934784;0.9064497935391937;0.2793082804518286;0.3228946155907963;0.3230283115639629;0.6769716884360371;5.213757052274733;0.16330168248138258;0.004826332859161062;0.015400213959852284;0.01079836353257296;0.0021485576800449485;0.005981942201327445;0.007521132142644636;0.05176048238049677;0.028649203816987018;0.004216990570571978;0.0016824864910143912;0.0236977020763463;0.02369770207634637;0.9165339548588326;0.024173634869838326;0.9517366714083894
leiden_res1_0;level_1;0.9621525436426845;;0.9271013633669234;0.24053813591067114;0.0;0.0;0.9984762853593374;0.9992378465774643;0.0;0.0;0.19319877053704676;0.8068012294629533;2.208740656635194;0.31378625068255583;0.0050033086735734355;;0.009305923136010762;0.0012508271683933589;0.0;0.0;0.00023778654112736772;0.00011898828500288423;0.0;0.0;0.012862425595034144;0.012862425595034132;0.2910958795521416;0.029512974185495727;0.9499669132642656
leiden_res1_0;level_2;0.7975442520269158;;0.7605133372851215;0.29728394995916674;0.4746724623908434;0.4508561618200749;0.9731260995510012;0.9864535206362935;0.30248387606024085;0.19700333751560176;0.21193329677885223;0.7880667032211479;2.239670085735855;0.3108720619823725;0.01112167582565174;;0.015193304526519246;0.003806158650230691;0.015250263980897587;0.017980709394665187;0.013141716452110675;0.006666256001555835;0.024003532910269486;0.011857187498641971;0.017645661787043618;0.01764566178704361;0.30018303268919255;0.029722760626065232;0.8887832417434826
leiden_res1_0;level_3;0.5894463236431313;0.7268990995571931;0.5408689982216953;0.32278591953660035;0.44983647835699136;0.44177707976347114;0.7594619614408245;0.8712615802338968;0.2665667470474052;0.31626836232330074;0.3499210877018818;0.6500789122981182;6.416328133287193;0.1353801368513943;0.010522763061140103;0.014650995083547285;0.012299919726308855;0.021965814582249863;0.011089403331821705;0.01145041782153984;0.037117188597209125;0.021366452944899323;0.008457104663838262;0.0065041477603076485;0.013137669852340364;0.013137669852340411;0.5225940032804686;0.009637999339596436;0.8947723693885989
leiden_res2.0;level_1;0.9685292321222928;;0.9389922940130409;0.2421323080305732;0.0;0.0;0.9987587771397962;0.999379190352809;0.0;0.0;0.17647223860091155;0.8235277613990885;1.8349193084940907;0.3538851410907357;0.0033237665890127827;;0.006259652130342248;0.0008309416472532111;0.0;0.0;0.0002570879435206385;0.00012862480423063137;0.0;0.0;0.009407670504717863;0.009407670504717865;0.1933424016752911;0.025105070312747835;0.9667623341098722
leiden_res2.0;level_2;0.8309846123742418;;0.8007903576368306;0.3117124144282401;0.5302142141513168;0.5147503255763092;0.990524309228359;0.9952497659536945;0.3832994106541278;0.24554295228409476;0.1850806181239039;0.8149193818760961;1.8472260315819746;0.3523082772914666;0.0040760879119981904;;0.005697555283810083;0.001856639654487156;0.01183861778748149;0.01158236802660232;0.003626903713142486;0.0018217837996213195;0.011198040980870221;0.009536698358346153;0.006975061637705149;0.006975061637705155;0.19022403269887297;0.024456089686007123;0.9592391208800181
leiden_res2.0;level_3;0.6165218348097117;0.7687041898367156;0.579794507014424;0.3043995957907945;0.48258467559140344;0.47877519859963674;0.9049013497601154;0.9512514524405854;0.2874114185315455;0.3301970018773379;0.2848924135980389;0.715107586401961;4.280240339913128;0.1896133114740358;0.0032873874619421383;0.004752815571417806;0.0025545651496359984;0.003017603762527171;0.002832705525497103;0.002750069008122034;0.010938853298727895;0.005747693858253893;0.0016374477883135334;0.002875413067888353;0.0031143207395715605;0.003114320739571584;0.2216409264344573;0.008147560121588052;0.9671261253805786
leiden_res2_0;level_1;0.9668141434408192;;0.9357866034380556;0.2417035358602048;0.0;0.0;0.9988711302374981;0.9994353962999011;0.0;0.0;0.1810360687761287;0.8189639312238712;1.9323618005805543;0.3431677282023878;0.004266250349090693;;0.008010563985328014;0.0010665625872726644;0.0;0.0;0.00030692347952706635;0.00015354298148839457;0.0;0.0;0.011791944090843892;0.011791944090843888;0.25303973438878535;0.031118263356623536;0.957337496509093
leiden_res2_0;level_2;0.828390735402982;;0.7967599288678127;0.3104338049060688;0.5251943878896441;0.5087617790331215;0.9900447757464542;0.9950083294731747;0.37837960296140405;0.24001362485258732;0.18998228492497105;0.810017715075029;1.9456983936553371;0.3416399416071065;0.003788587200046447;;0.00698083262488036;0.0012008810763035598;0.005557406780472539;0.0068175684455633835;0.003979493261768541;0.002000007955042467;0.010271262639657502;0.00463998338689323;0.013288515182542099;0.013288515182542104;0.2557689703286869;0.031161534948591595;0.9621141279995356
leiden_res2_0;level_3;0.6169888535580816;0.7648427131851953;0.5780094842916419;0.3145361966829213;0.4822134724519419;0.47775311252729813;0.8851601645534389;0.9407925739194676;0.2926448987397019;0.3316973997078209;0.29691849429848666;0.7030815057015134;4.64283708415322;0.177549702289374;0.005065534525945416;0.006063632957044957;0.005258200673039809;0.01762583525203778;0.005809276744618216;0.00613292069484965;0.017480801574182595;0.009320502361857651;0.006528242521151916;0.004821017802664571;0.010595819803651478;0.010595819803651499;0.2691992433402062;0.00875456556924066;0.9493446547405459
logistic_regression_default_StratifiedGroupKFold;level_1;0.9533218510478576;;0.9125536915565335;0.2546521812338476;0.0;0.0;0.9960802392469221;0.9980353732305515;0.0;0.0;0.20422980988086809;0.7957701901191319;2.6968808765749657;0.3205394858244794;0.03606898158310584;;0.06336446755212229;0.04096754707139122;0.0;0.0;0.0052876887798827005;0.002653541849065028;0.0;0.0;0.07200845017407123;0.07200845017407119;2.0431867008315825;0.11858019385348006;0.6393101841689416
logistic_regression_default_StratifiedGroupKFold;level_2;0.8200630926132959;;0.7805656593657846;0.3220997767233208;0.5294115176291049;0.507668500066351;0.9523325488697709;0.9753878983844535;0.4048253423818219;0.26683058357202405;0.2198522776027267;0.7801477223972733;2.7260885918441957;0.31788684751998825;0.08549971308398079;;0.1052565791263412;0.041035146129459306;0.10895128203992085;0.12332222056459136;0.06633033264639786;0.03447819156600877;0.1606703908759862;0.09066279814603219;0.07926850882971596;0.07926850882971594;2.069917252719441;0.11619667090423685;0.14500286916019223
logistic_regression_default_StratifiedGroupKFold;level_3;0.6794055075316864;0.7552762687019098;0.6228471857669355;0.34096726712638015;0.5559355595614272;0.546259533874465;0.7594071740919914;0.861758285106849;0.41048356455017043;0.4098117890686909;0.3419625799801457;0.6580374200198543;6.52887881371597;0.1672944868571622;0.09327504434007083;0.10821929684579144;0.12043390664105426;0.04802745380519829;0.12540608058234728;0.13150712169801862;0.23637670117069354;0.14482675918875426;0.10349649192669359;0.08127531872115919;0.12449157341860778;0.12449157341860782;4.705091093733063;0.07462985526634124;0.06724955659929166
maps;level_1;0.9740012125410384;;0.9497982590727727;0.25966823645004933;0.0;0.0;0.9988216970582677;0.9994104663100346;0.0;0.0;0.15388939188222356;0.8461106081177764;1.507379399882882;0.4471612907712717;0.018114759170849114;;0.033858684128108725;0.035886700171817575;0.0;0.0;0.0014425691339856612;0.0007218796877215447;0.0;0.0;0.05082916908054026;0.050829169080540276;1.0673316422245107;0.14530295742862498;0.8188524082915088
maps;level_2;0.8750554099054371;;0.8502222081995727;0.350721677915337;0.6513108725554769;0.6356082638864076;0.9830625071533843;0.9914427875882588;0.5264985320789446;0.37731920037424144;0.16449607456117568;0.8355039254388243;1.5224848599241696;0.44495898015100616;0.046238958147855024;;0.05893299969167244;0.026681126697360058;0.07488247091924953;0.08499844897187012;0.02245511253365651;0.011385631987690225;0.12103378698089438;0.08012000472074578;0.055583435498450746;0.055583435498450726;1.0753407574084592;0.1455924388194575;0.5376104185214499
maps;level_3;0.7471532322953831;0.8276622038786083;0.7081281582141183;0.38060336128752825;0.6490079933461071;0.6426618512326112;0.8697695474728118;0.9283626584242539;0.4972823950657501;0.49679123434935296;0.26503711047840706;0.7349628895215929;3.8245498462483924;0.24931941917583264;0.08517447734685885;0.06471083033725156;0.10159766053953542;0.031182370597011684;0.1106978990824964;0.11615408072202567;0.1739753148665576;0.09945050223769544;0.11409614845347245;0.07860295450123372;0.0938473522229852;0.09384735222298518;2.4126782813117664;0.10527577985336724;0.14825522653141154
most_frequent_default_StratifiedGroupKFold;level_1;1.0;;1.0;1.0;0.0;;;;1.0;1.0;0.0;1.0;0.0;1.0;0.0;;0.0;0.0;0.0;;;;0.0;0.0;0.0;0.0;0.0;0.0;1.0
most_frequent_default_StratifiedGroupKFold;level_2;0.5468254329230708;;0.6510888704436218;0.3776761539820864;0.0;0.0;1.0;0.6;0.0;0.0;0.44379536811996234;0.5562046318800377;0.8062058778662304;0.6383262690563274;0.2787768929408895;;0.2677667472619092;0.12849143162031962;0.0;0.0;1.9229626863835638e-16;0.8944271909999159;0.0;0.0;0.20177417610851522;0.20177417610851525;0.9605428593571405;0.19956914545223448;0.0
most_frequent_default_StratifiedGroupKFold;level_3;0.09237160881908926;0.5826093817257922;0.21061514327081046;0.05480977962042195;0.0;0.0;0.3627889752717252;0.2876036583641026;0.0;0.0;0.7861784005488446;0.21382159945115548;8.908811800119782;0.27833641519606866;0.07075203082331495;0.2505848005673153;0.13877286221538485;0.03476875081215864;0.0;0.0;0.21365218836816702;0.5916852108250951;0.0;0.0;0.1336188844035925;0.13361888440359254;15.455076148467587;0.14869331549498058;0.2924796917668505
nimbus_flowsom_cluster;level_1;0.9864152024059685;;0.9732033195020747;0.24660380060149212;0.0;0.0;0.9996997035884704;0.9998498384091986;0.0;0.0;0.11597596989233447;0.8840240301076655;0.7764033331180943;0.565844707490793;0.0023893337386974244;;0.004649420585579539;0.0005973334346743386;0.0;0.0;0.00014526065339510967;7.264270199523532e-05;0.0;0.0;0.01015011394172056;0.010150113941720577;0.14346622241690332;0.04505972105094562;0.9761066626130258
nimbus_flowsom_cluster;level_2;0.8091407413057983;;0.8101268524007115;0.2837191643862661;0.4135523692085769;0.4070405565994245;0.9862012155527864;0.993073716455289;0.31120654852509805;0.1572019198339443;0.1385652686009668;0.8614347313990333;0.7983505782097025;0.5589968838852934;0.00538883943068397;;0.004940595341044107;0.00428868858545636;0.01830632808273159;0.021053793677125062;0.005346562733808707;0.002694725975608463;0.016828232864539015;0.007623114459652842;0.014932317494584778;0.014932317494584764;0.1467153152203709;0.044943436529652825;0.9461116056931603
nimbus_flowsom_cluster;level_3;0.5470089370125578;0.7696777824826524;0.5387374036751631;0.3046452344474702;0.4099326940617569;0.3976707000276714;0.805826422369114;0.8976528281405395;0.19611728450143226;0.23361147587814277;0.29505834086986216;0.7049416591301378;2.730399000718226;0.27131043889089035;0.002939315598871653;0.003668006450673396;0.0031588095487744944;0.002169077015898012;0.0028456055088189104;0.002355626109043731;0.013606660214888926;0.007568231332776587;0.003918751577904071;0.003283617512061882;0.012150891855365322;0.012150891855365355;0.44245458005964533;0.03421447453463573;0.9706068440112835
nimbus_phenograph_cluster_k40;level_1;0.9616054663969035;;0.9262086544161233;0.24040136659922587;0.0;0.0;0.9981658917981869;0.99908247267687;0.0;0.0;0.19338707013460205;0.806612929865398;2.2471875874848033;0.3172356728652693;0.010526076813297019;;0.019539580581329492;0.0026315192033242512;0.0;0.0;0.0007225357081823869;0.000361573053491333;0.0;0.0;0.026894561717001973;0.02689456171700195;0.6142197190139977;0.06160394760093619;0.8947392318670299
nimbus_phenograph_cluster_k40;level_2;0.8169142474862042;;0.7861754593953764;0.2978957507543634;0.461697802832591;0.45394105137035606;0.9958648306195885;0.9979299646064519;0.3596833748263476;0.190579572207336;0.1939095183521897;0.8060904816478104;2.247882007106164;0.3171392069757351;0.006359466896492553;;0.00993654375983221;0.002727296692429502;0.014895347518988687;0.016231213575335315;0.001752431118139808;0.0008777529225351772;0.019594030549245297;0.010302289744165957;0.026304411291272662;0.026304411291272648;0.6134741099150031;0.061487495113152275;0.9364053310350745
nimbus_phenograph_cluster_k40;level_3;0.5743814265613085;0.7481760916818398;0.5397320687611143;0.32889302336084;0.43145724612130876;0.4271200990444551;0.8645806256697;0.9297200426970773;0.23301191558987652;0.25447075553524046;0.28460431737754527;0.7153956826224548;4.136452040648631;0.1956216872227427;0.0021677953293442287;0.008618854535535002;0.004213084071100555;0.014299677710296731;0.0031383871730003006;0.0035199760104086303;0.029612730882839527;0.015861426364165612;0.0014398639832330373;0.0032914118385968904;0.015331328320131099;0.015331328320131114;0.3912912287956506;0.015381662146557867;0.9783220467065578
phenograph_20;level_1;0.9605902697428341;;0.9242442205097806;0.24014756743570853;0.0;0.0;0.9980156886190544;0.9990073103675149;0.0;0.0;0.1968351259789718;0.8031648740210283;2.3029980371540817;0.30635940346925544;0.0072928975506257356;;0.01339773759339296;0.0018232243876564328;0.0;0.0;0.0006414320308411178;0.00032103605359162237;0.0;0.0;0.017289544304583904;0.017289544304583945;0.42688992535227144;0.03493348163338456;0.9270710244937427
phenograph_20;level_2;0.8244052426034157;;0.7908820391227029;0.3072949107699839;0.4937340405395382;0.48195612916235736;0.9956155179769471;0.9978048971238908;0.36395845578140185;0.22275545362068322;0.19881516147902797;0.8011848385209721;2.306210818980042;0.30609576270635114;0.006849824718728532;;0.010873225496180909;0.004042056594192222;0.019915719183241875;0.01898583430054605;0.00212213798193479;0.0010637507513307453;0.017451971847565525;0.015337192183175669;0.018684698246270653;0.018684698246270653;0.4295138165268922;0.03504907072887737;0.9315017528127147
phenograph_20;level_3;0.6049939230526894;0.7602856917043861;0.5744718435091879;0.3222395676419986;0.4738570684664679;0.47001441559310075;0.8973105463272925;0.9471909267888885;0.28143209775444233;0.32170509094254285;0.2901536094280502;0.7098463905719499;4.172059264800817;0.1955808105358905;0.012399076638038022;0.010624003889717891;0.010314648007105957;0.010094741059142726;0.011672660578756626;0.012426125452133549;0.02501579120144184;0.013223772915610232;0.007500870643292021;0.005253155386588994;0.020498427408073533;0.02049842740807351;0.6150729790303321;0.02358627916216341;0.8760092336196198
phenograph_30;level_1;0.9633875535479695;;0.929368109069354;0.24084688838699236;0.0;0.0;0.9979338572690392;0.9989663764529446;0.0;0.0;0.1903314375039707;0.8096685624960294;2.1443149104621564;0.3184756977237864;0.002166434967075631;;0.0040363916879829235;0.0005416087417689343;0.0;0.0;0.00042376737677112767;0.00021208934684735563;0.0;0.0;0.005626833970755118;0.005626833970755099;0.12915901807680644;0.013442037966284496;0.9783356503292437
phenograph_30;level_2;0.8163581856644034;;0.7828524007113218;0.30453225092710456;0.4924351846576237;0.476152552839826;0.9865805964136735;0.9932511971478266;0.3449786930048475;0.21796357327532961;0.19924395423241686;0.8007560457675831;2.158250742869162;0.31698532499898024;0.01780519368169033;;0.018491441392060003;0.00900508092463479;0.03862368187115745;0.03722759216106622;0.012661171023806612;0.006389031429208877;0.044075529517586226;0.03275307331554428;0.006141848012506244;0.0061418480125062505;0.1169361455642296;0.01197125639206496;0.8219480631830967
phenograph_30;level_3;0.6051734888301887;0.7513935811672294;0.5697913455838768;0.32383037861634917;0.47387885530006874;0.4689551522988114;0.8679213801043073;0.9314381600529199;0.28355620985619434;0.3238760955649617;0.3037494238196157;0.6962505761803843;4.734463358667095;0.17659576987546027;0.016063684074443713;0.0188587863600686;0.017709136764790842;0.01024698333130106;0.019024300866672037;0.020006206584220254;0.03883410021827527;0.020746508788786817;0.015131138709318585;0.00970437110838233;0.020828552406014215;0.02082855240601421;0.7175787138427637;0.02213289896837294;0.8393631592555628
phenograph_40;level_1;0.9580181472195699;;0.9194238292827505;0.23950453680489248;0.0;0.0;0.997805882553344;0.998902336729764;0.0;0.0;0.2037035023694131;0.7962964976305869;2.4563337140617945;0.2895381627599322;0.0018038177043646563;;0.0033248311234021365;0.00045095442609117606;0.0;0.0;0.0001452548663624262;7.270798662462342e-05;0.0;0.0;0.004348152125642969;0.0043481521256429935;0.10457943669316676;0.008853627947789178;0.9819618229563535
phenograph_40;level_2;0.8241464104047592;;0.7885465323058684;0.30694735183255284;0.49625292070079546;0.4822235772922321;0.9919809211861912;0.9959783974851139;0.37036930586351363;0.22715608241689358;0.20776811544318113;0.7922318845568188;2.4631027112229025;0.28898913399442244;0.00926932825573077;;0.011389056511941822;0.005041776180688082;0.0260733678343309;0.023071761812183254;0.006267535832132732;0.0031529607466457567;0.023107239133577612;0.019519473179075323;0.008340525588398201;0.0083405255883982;0.10898166428416134;0.009167556785269506;0.9073067174426923
phenograph_40;level_3;0.6118411394347707;0.7591208964916822;0.5790005927682277;0.32858367396002347;0.48091967249601486;0.47721578283615146;0.9078413548669266;0.9527978480053303;0.2869361997264805;0.3283391362297986;0.2835700076375841;0.7164299923624159;4.103202442049925;0.19642072782755754;0.00895474335153449;0.011016779965554283;0.006445655516072684;0.008201691649868786;0.00936543450916215;0.009438561019571473;0.008946964662930866;0.004692507770130875;0.009384013692888774;0.006157321697521317;0.003363717343558638;0.003363717343558655;0.2763303756298148;0.010752695928865762;0.9104525664846551
phenograph_80;level_1;0.9651600589048643;;0.9326757557794902;0.24129001472621608;0.0;0.0;0.9981070022344707;0.9990530520701741;0.0;0.0;0.1856738811763417;0.8143261188236582;2.0407670705837226;0.32949879061210274;0.0025969349306861297;;0.004844792671921706;0.0006492337326715514;0.0;0.0;8.309927220061758e-05;4.1589370557870925e-05;0.0;0.0;0.006812175381648039;0.006812175381648047;0.15068346294566234;0.01601644438412338;0.9740306506931387
phenograph_80;level_2;0.8269623805245017;;0.7940438648488441;0.3103603594388243;0.5244785094487556;0.5061571153488694;0.9854480015177696;0.9926864727261073;0.37485589550438875;0.24383291261755807;0.1962888095818073;0.8037111904181927;2.05705633448296;0.3277084405060989;0.005780227196929159;;0.007395103062310105;0.0016756279058100555;0.010178051960341238;0.007828936980793386;0.010289454248865761;0.005192348260793623;0.012598009298835791;0.005492762824851471;0.008015180726033884;0.008015180726033955;0.14677906165432178;0.015538043055091372;0.9421977280307084
phenograph_80;level_3;0.608301817620563;0.7632981737096396;0.5751511558980439;0.34228957477031724;0.47751661761122743;0.47326347060198265;0.8813351926193759;0.9387281890150809;0.28636044916063785;0.3275210260007457;0.29591097949402634;0.7040890205059737;4.389308915449926;0.1880895209052281;0.004104122718980176;0.007983446206110165;0.008526578960100575;0.019598243649196604;0.0061755384698931855;0.006938341151387762;0.023395991152253534;0.012478970702854668;0.004298509481002127;0.0022779390078859463;0.018144095510278496;0.018144095510278475;0.6930882004374435;0.02481860526668896;0.9589587728101983
random_forest_default_StratifiedGroupKFold;level_1;0.9863753244757909;;0.9731657665168955;0.2630146576192947;0.0;0.0;0.9996876267809366;0.9998437878715818;0.0;0.0;0.11462786411342245;0.8853721358865776;0.7781742475864095;0.5773664766387876;0.005650036776873675;;0.010953539637534246;0.03658769554972887;0.0;0.0;0.00036485611065387174;0.00018246761344151797;0.0;0.0;0.023111139494906993;0.023111139494907;0.337975369160138;0.09975514932252703;0.9434996322312632
random_forest_default_StratifiedGroupKFold;level_2;0.904992798247347;;0.8961670581859618;0.36009255620732034;0.6964140618817263;0.6912375778942117;0.9935124262952044;0.9967444177151579;0.6170138504144;0.4387824199974448;0.12425020764054717;0.8757497923594528;0.7865713663701236;0.5742641193820784;0.026595327055235637;;0.02486642815704633;0.026251102375127077;0.06745621804544044;0.07095000703335984;0.008015838975273566;0.004029895916026128;0.07180466371516474;0.07471682900385708;0.020506350524793337;0.02050635052479333;0.3350069975731102;0.09790586129252914;0.7340467294476436
random_forest_default_StratifiedGroupKFold;level_3;0.7567636532961849;0.8749365612671228;0.7456356567418453;0.3801810823655794;0.6806719966198671;0.6743519288831841;0.9127142113315017;0.9529298268421303;0.5057736358686873;0.5061788934064521;0.19563579361344757;0.8043642063865525;1.4457707261297872;0.42508309544415657;0.09682266856590079;0.030513357953694108;0.08564190028337251;0.04124348223962752;0.10117060557652365;0.11105542138203027;0.13750637123984624;0.07614916649354285;0.133808541036071;0.08634109777662002;0.07020677047166854;0.07020677047166857;0.5519643963366151;0.09034519513498715;0.031773314340992176
ribca;level_1;0.9847532444867045;;0.9699644339063426;0.19695064889734093;0.0;0.0;0.9998012342442879;0.9999006121831748;0.0;0.0;0.1232191469198047;0.8767808530801953;0.8566778999598919;0.5385963822920509;0.0;;0.0;0.0;0.0;0.0;0.0;0.0;0.0;0.0;0.0;0.0;0.0;0.0;1.0
ribca;level_2;0.8279674749324976;;0.8091464137522228;0.2187134055693835;0.5242876731511357;0.5139410802773852;0.9898550552592154;0.9949145969676068;0.3766279684237869;0.22605450829303525;0.1363131882808711;0.863686811719129;0.8679404402225058;0.5353489749817085;0.0;;0.0;0.0;0.0;0.0;0.0;0.0;0.0;0.0;0.0;0.0;0.0;0.0;1.0
ribca;level_3;0.4883964801862164;0.754239704181024;0.49650859513930057;0.1929182110731931;0.39653737504297176;0.3760867528898775;0.5869266472080575;0.7661113804193601;0.2388854967161055;0.2773674056100924;0.42410540405022845;0.5758945959497715;5.255930728138646;0.1598483172938736;0.0;0.0;0.0;0.0;0.0;0.0;0.0;0.0;0.0;0.0;0.0;0.0;0.0;0.0;1.0
scyan;level_1;0.6793549234004509;;0.6211630112625963;0.16983873085011272;0.0;0.0;0.6214076326667481;0.5626508202376179;0.0;0.0;0.44862397956025013;0.5513760204397499;13.334506350264537;0.2017055623342645;0.4152612017051282;;0.42849605924049033;0.10381530042628204;0.0;0.0;0.514029976398198;0.617284058550725;0.0;0.0;0.36079082687138714;0.36079082687138714;15.639413286702098;0.1637483745983238;0.0
scyan;level_2;0.3528850644685038;;0.377489033787789;0.13902447864479545;0.14420946108090063;0.1085449667563713;0.4182794039410638;0.26501391007544395;0.12339371202383391;0.07980883048578422;0.6276902495802746;0.3723097504197254;13.889101559649845;0.17122664528510095;0.35673252089871066;;0.34681787740612513;0.10777272024299797;0.21711973412789104;0.20279088732510234;0.4816602815422351;0.6595898644305304;0.16022899187130552;0.10147116302276527;0.3084286770303272;0.3084286770303272;15.36266980641188;0.1395747094052311;0.0
scyan;level_3;0.09465885317076006;0.321516357580772;0.09604623592175458;0.06042839283330559;0.09253124945147026;0.06774426259898994;0.055071449246049495;-0.2040813212134429;0.0634875202140797;0.11109637909475745;0.9063391821719063;0.09366081782809357;26.48275819319184;0.04884756362398136;0.14908305867304109;0.282843595350664;0.11698730923680908;0.08440968697046483;0.12013785468111594;0.10335308980138838;0.04225119823750512;0.12952926106591234;0.08397141994197888;0.1260594397026466;0.11376401005325744;0.11376401005325742;12.094572539293003;0.03738777107661924;0.0
stratified_default_StratifiedGroupKFold;level_1;0.9357499168582215;;0.8816863908345139;0.25010055952061144;0.0;0.0;0.9898647793691804;0.9948820149095946;0.0;0.0;0.23992586573618896;0.760074134263811;3.6887373798007195;0.2620530517947885;0.04330265402780299;;0.0746527271115645;0.04203853998610684;0.0;0.0;0.019087494005499132;0.009653741412376982;0.0;0.0;0.08119410692694759;0.0811941069269476;2.4573003052098;0.12486983543030027;0.5669734597219701
stratified_default_StratifiedGroupKFold;level_2;0.5571975174713784;;0.5236412510530463;0.1844250636126932;-5.530440989188669e-05;0.00010166478695670112;0.7722794333268312;0.861552209821969;0.00012064308161649213;2.634906764158768e-05;0.31064744737160077;0.6893525526283992;3.8644488101409578;0.25443908003027926;0.08602145581249881;;0.13161983280034187;0.033127375303411165;0.0019345250870274249;0.0016869898619803253;0.2925573276449105;0.1936724782903891;0.0010496023340337216;1.4523707740904957e-05;0.1180269867729888;0.11802698677298878;2.6120859752748404;0.12297442792612387;0.13978544187501185
stratified_default_StratifiedGroupKFold;level_3;0.15025165214568956;0.4604407593686844;0.14227386115631838;0.05978474013215466;6.35565142794729e-06;1.1191540117971854e-06;0.26499471100563765;0.4701479366812237;0.00035679790842320163;0.0001357904835754846;0.5038860662384483;0.4961139337615517;8.544417784373689;0.13476370474207522;0.016454039980142665;0.10940093870562491;0.03327871046816129;0.007191992568574176;0.001020666655936344;0.0009655357283318718;0.19155214927914704;0.2344025080924524;0.0007474762356819098;1.0233356661147553e-05;0.07542596992846297;0.07542596992846295;5.391196719631719;0.07140251235944958;0.8354596001985733
tacit;level_1;0.9492239081147071;;0.9033550681683462;0.23730597702867678;0.0;0.0;0.9953740075699923;0.9976843226040952;0.0;0.0;0.2238149777095973;0.7761850222904028;2.9764237953269954;0.25148224924495666;0.0;;0.0;0.0;0.0;0.0;0.0;0.0;0.0;0.0;0.0;0.0;0.0;0.0;1.0
tacit;level_2;0.74480451450948;;0.6948310610551275;0.27900920599004203;0.4387331687671695;0.3877852590710973;0.8621590154941485;0.9285251830155973;0.2081008463686164;0.17602270925175414;0.2791379808435014;0.7208620191564986;3.089416721337275;0.24453365067500168;0.0;;0.0;0.0;0.0;0.0;0.0;0.0;0.0;0.0;0.0;0.0;0.0;0.0;1.0
tacit;level_3;0.5078141110221769;0.6630051090979263;0.43970361588618856;0.2557957370360607;0.35048007753775845;0.3396174657038905;0.6144070572499404;0.7838412194124141;0.20158479032992044;0.291304265075495;0.39907513974670666;0.6009248602532933;8.041986313853888;0.11059516850493645;0.0;0.0;0.0;0.0;0.0;0.0;0.0;0.0;0.0;0.0;0.0;0.0;0.0;0.0;1.0
tribus;level_1;0.8465723254563742;;0.7991777253602703;0.21164308136409354;0.0;0.0;0.8003275533175362;0.78309610092598;0.0;0.0;0.2839325926226567;0.7160674073773433;6.884516230517801;0.33625712647358097;0.28289863032753654;;0.33244377535631214;0.07072465758188413;0.0;0.0;0.4436414952138894;0.48359080071903693;0.0;0.0;0.2770436510290588;0.27704365102905876;11.906384101544134;0.1949887911887183;0.0
tribus;level_2;0.39495264897758525;;0.39918252696400597;0.151073996326262;0.10206933689242081;0.06317433918221241;0.3936169702015181;0.37443925582951876;0.06170551385596941;0.046393188014753485;0.512069099503771;0.48793090049622895;7.57500832331137;0.2668745799675386;0.255901044919868;;0.2559344791928418;0.057793420343918885;0.08035659420617129;0.06862659254697465;0.5012033072312706;0.5628190360757114;0.09248135535330178;0.032452971615367504;0.2709956854468108;0.2709956854468108;11.611558691878736;0.1735939018461896;0.0
tribus;level_3;0.1784521879134778;0.3535154913172255;0.16549087395189993;0.10400737059807519;0.1487542543231672;0.09859754498465312;0.023491619222927425;-0.024294178556494527;0.06200480861080959;0.1348963572169933;0.7584472308947742;0.24155276910522586;16.013202014640132;0.09316159121792514;0.03000301421420407;0.19851596795663895;0.040780464614834096;0.014243024992672411;0.022618659771171307;0.020008087117544683;0.020280547501406305;0.169194459539876;0.0140112757879085;0.02610266574237371;0.06788467653661306;0.06788467653661306;11.872134943959399;0.0651887900334723;0.6999698578579594
xgboost_default_StratifiedGroupKFold;level_1;0.9881342548829185;;0.9765753706525242;0.2635476935279851;0.0;0.0;0.9998513774206182;0.9999256840075393;0.0;0.0;0.10753398909902685;0.8924660109009732;0.6705010159021038;0.6079381550468382;0.00431281282355213;;0.008379169160257714;0.037319595615884986;0.0;0.0;0.00013931649905193945;6.966592702012385e-05;0.0;0.0;0.018008223856402605;0.01800822385640258;0.25260707504619634;0.07707042603037098;0.9568718717644787
xgboost_default_StratifiedGroupKFold;level_2;0.9111353529618862;;0.8987605302784182;0.3681396308938222;0.7351369811581263;0.7287188880295499;0.9938731170548933;0.9969233145888419;0.6368120265234178;0.47013877754600575;0.1141173570882539;0.885882642911746;0.6765557434606442;0.6056976180965414;0.024359061344701664;;0.02610766391486737;0.029610401389601644;0.043053039930353934;0.045452560655713355;0.009174489752802108;0.004612738352979618;0.06957966579348379;0.05905133144915953;0.019293831519478614;0.019293831519478583;0.2531409107446034;0.07651604809646423;0.7564093865529834
xgboost_default_StratifiedGroupKFold;level_3;0.8128321613837759;0.8823888390916883;0.7905450254159601;0.41413668352145977;0.7406314687928142;0.7377511560756651;0.953835234151285;0.976164870768906;0.5892650912906207;0.565304245562716;0.1804445208820821;0.8195554791179178;1.7029748317445415;0.39014444410226384;0.04282984471473391;0.02825731806893695;0.04683050019411664;0.007007417746956466;0.05287346959844642;0.055640405423172806;0.06528034729304384;0.03423045478828057;0.07611982194381006;0.05492897630934674;0.042829587747390804;0.042829587747390756;0.7182887757059107;0.0950144297992281;0.571701552852661
