method;level;f1_weighted_mean;hierarchical_f1_mean;accuracy_mean;macro_f1_mean;g_mean_mean;mcc_mean;kappa_mean;r2_mean;pearson_corr_mean;ari_mean;nmi_mean;jsd_mean;jsd_scaled_mean;kl_divergence_mean;kl_scaled_mean;train_time_mean;inference_time_mean;f1_weighted_std;hierarchical_f1_std;accuracy_std;macro_f1_std;g_mean_std;mcc_std;kappa_std;r2_std;pearson_corr_std;ari_std;nmi_std;jsd_std;jsd_scaled_std;kl_divergence_std;kl_scaled_std;train_time_std;inference_time_std;stability;overall_score_mean
CellLENS_Lite;level_1;0.7955859096814943;;0.8118385446176799;0.5939051764058678;0.7242351600655532;0.6960933756776553;0.6914562166055355;0.9617110196573571;0.9805951840619714;0.561703941617872;0.4407242524074319;0.14438553542148572;0.8556144645785142;0.06581116665399799;0.9384907519593169;;1698.0520000000001;0.010778369936776229;;0.011502433808428044;0.011025425893109576;0.19171551827641606;0.016943008417588487;0.0183080557617184;0.02624634567523012;0.01342128215863633;0.02375114511971457;0.021674219981720685;0.024221190665499336;0.024221190665499357;0.018877572727613694;0.016815671374094177;;0.0;0.9461081503161188;0.782110835404617
CellLENS_Lite;level_2;0.7647359843576369;;0.7854960546205895;0.5920559879170739;0.6635585642992033;0.6834797413615601;0.6791369944945553;0.9838636968408532;0.9918765047238762;0.5905139274049954;0.4505158152485459;0.149421130651054;0.850578869348946;0.07114081383910863;0.9338139381195877;;1698.0520000000001;0.00936198278527135;;0.009045440134986014;0.0106608329272989;0.14424478519665354;0.013368714349949021;0.014546772362333222;0.014770985728453574;0.0074746419311763;0.022771277346217377;0.01606378594808669;0.022851058701491057;0.022851058701491074;0.018705840820717128;0.016455605971915945;;0.0;0.9531900860736433;0.7804832197549759
CellLENS_Lite;level_3;0.6667966830981132;0.7753398676611056;0.7035975472362656;0.48687888305988614;0.46194780109676375;0.5972354656679132;0.5925469043300616;0.9745131344777169;0.9871673815434105;0.613933546772117;0.45375611207295863;0.22163569744579908;0.7783643025542009;0.16131755567908077;0.8618290559991104;;1698.0520000000001;0.011249527352905136;0.008584066230084104;0.008539550254128758;0.020460399340151092;0.06708395076866987;0.01328743307547945;0.013713774296795406;0.00815443132540882;0.004137525595614648;0.020043727731153732;0.0160259088405999;0.029031423824294047;0.029031423824294043;0.03858127546903015;0.02778098815346082;;0.0;0.9437523632354743;0.7296024343801064
FuseSOM_15;level_1;0.8065539385194926;;0.8240537980429516;0.6020360251796728;0.8146479601653269;0.7123929602767078;0.710701360875784;0.9956012643455712;0.9977982082292847;0.5829188981517563;0.4573657316798707;0.14476972633510016;0.8552302736648997;0.06084051324017935;0.942648765313128;;110.498;0.0;;0.0;0.0;0.0;0.0;0.0;0.0;0.0;0.0;0.0;0.0;0.0;0.0;0.0;;0.0;1.0;0.8035618281801357
FuseSOM_15;level_2;0.769323915486562;;0.781364508430008;0.6003161735780186;0.772792541303025;0.6854721201846385;0.6811554474091351;0.9361026076459973;0.9675239571431795;0.5850242469932904;0.4575306901188999;0.1642454641349466;0.8357545358650535;0.08585915656967216;0.9209297485311916;;110.498;0.0;;0.0;0.0;0.0;0.0;0.0;0.0;0.0;0.0;0.0;0.0;0.0;0.0;0.0;;0.0;1.0;0.778475886318981
FuseSOM_15;level_3;0.6408002020210466;0.7675998548665577;0.6851571917036557;0.33516715200599406;0.5732796358645623;0.580773521915954;0.5740822282618885;0.9313289513229648;0.965053859286084;0.6075084941883921;0.4452552764913856;0.3017220790017619;0.6982779209982382;0.3020645798642602;0.7680110614054563;;110.498;0.0;0.0;0.0;0.0;0.0;0.0;0.0;0.0;0.0;0.0;0.0;0.0;0.0;0.0;0.0;;0.0;1.0;0.7022079556339977
astir;level_1;0.6837577714239197;;0.6023035677955535;0.37161562390849356;0.4787690656396079;0.485448181576653;0.4430490145776161;0.3589103458638382;0.5922073917713929;0.34770483613972436;0.33730466915841684;0.43511063115482296;0.564889368845177;9.746211631283602;0.09477522016458576;;1103.4519999999998;0.034800139966529114;;0.011632803685407806;0.02054717757904861;0.02057301509651125;0.04146915584909672;0.029845747588669376;0.1161865585149885;0.10124691967636681;0.05926906436797266;0.07363590423348919;0.02478213218131415;0.024782132181314177;1.662930062382953;0.013887662140995896;;0.0;0.8259993001673545;0.5234440036916163
astir;level_2;0.660952250325731;;0.571630457847772;0.40258468683454696;0.4962884764641018;0.49591957938822195;0.4548271487257984;0.2026387064742811;0.4485882318419008;0.3630066265833445;0.37908609650241776;0.443928162371695;0.5560718376283049;9.778158380283742;0.09442539384628224;;1103.4519999999998;0.029851725692625126;;0.017159260907873855;0.024278281167481847;0.010721614798398374;0.028905953767445612;0.021424432830169125;0.037064471419735366;0.04194199457641107;0.03743137855882313;0.04282090586056738;0.016746099153603144;0.016746099153603124;1.6337260462648255;0.0135675672284435;;0.0;0.8507413715368743;0.49454322883983015
astir;level_3;0.6349800910811004;0.5665886893393245;0.5433401076748403;0.45802082983950676;0.518254114206208;0.4946087111495038;0.4566312645156726;0.3654595093820669;0.6044117801381309;0.38807350888596026;0.46199993782890586;0.471053575287134;0.528946424712866;9.903773370593287;0.09313423268925443;;1103.4519999999998;0.019182610287494902;0.017812193251960498;0.020671073743324882;0.007766388498163906;0.015477450923653293;0.025179022849332263;0.01903324242285423;0.016309956097227764;0.013505064435361931;0.025271636935114063;0.02172781453070842;0.0020276351768374976;0.0020276351768375297;1.5450719761070748;0.012552039766272477;;0.0;0.9040869485625255;0.5388458612477008
celllens_full;level_1;0.7663588464814994;;0.7754881135464224;0.43927075264342036;0.7712229746416897;0.6505964048818231;0.6413130583967634;0.9079377901853611;0.952579964268627;0.521391150170788;0.3997844176426761;0.18100932574902198;0.818990674250978;0.11280996089725603;0.8992854582671412;;;0.011821327544164508;;0.016205536835437746;0.010394028819621554;0.015013019029551522;0.016821558895531493;0.0199744522692778;0.048689436651319834;0.025719687482122194;0.017162839448408088;0.011848138154299139;0.02089582658564427;0.02089582658564425;0.03384051403810703;0.027113319618570286;;;0.9408933622791774;0.7328699380948758
celllens_full;level_2;0.7099713411877415;;0.7330219615547005;0.4277901660552447;0.6102837555705213;0.612692178785418;0.6045674787899434;0.9231769682137021;0.9605821802673313;0.5468002252296401;0.3934737737868529;0.19996211414309523;0.8000378858569048;0.13881974225913998;0.8797599079840518;;;0.01380679047063143;;0.009944269362962959;0.011298050186809768;0.034380431614518224;0.02153393857513674;0.020131040464494373;0.045940384581679525;0.023948986579866473;0.02642456390827942;0.032951512780108286;0.036461762607142977;0.03646176260714298;0.055323437482412384;0.04267364201286773;;;0.9309660476468429;0.7166187275256184
celllens_full;level_3;0.5729115005540318;0.7185523556174325;0.6292157150138805;0.2997311004128605;0.39388413364312835;0.498524806993244;0.48973801213182033;0.9268778106749354;0.9626519936704998;0.5667559839256588;0.3812666493620077;0.3304699280132576;0.6695300719867424;0.35287626634790803;0.7406611387740487;;;0.015879466260445847;0.009287011787419861;0.0081915681705752;0.026091574970793913;0.0938652820073094;0.016501487467784168;0.01750349127657374;0.02871683854346057;0.014956175862647931;0.016632291490910982;0.025716370793779957;0.03257656221930676;0.03257656221930682;0.06916412374168483;0.03659757594019293;;;0.9206026686977707;0.6518899546749668
cellsighter;level_1;0.8887253653316692;;0.8880945405763662;0.7824759650618593;0.7630043710583524;0.8223047824589065;0.8216405458301062;0.9933764922800368;0.9966794840073618;0.7419655180797945;0.6115111268268691;0.02401506311980694;0.975984936880193;0.0025358447534897174;0.997473319115471;;;0.007214746988318595;;0.007040339433092041;0.012174526047985221;0.025065690155329376;0.010534885600947477;0.010303610491017821;0.005672884559380955;0.0028500962386585147;0.013238820413384377;0.018055041824127788;0.008255430310436133;0.008255430310436131;0.0018629082590472428;0.0018496615390730029;;;0.9639262650584071;0.8776876620760564
cellsighter;level_2;0.8681453675218294;;0.8671090204714048;0.7770417770880136;0.7643162377871641;0.8102436243673088;0.8096026065721755;0.99521032590607;0.9976022337907843;0.7496439141372606;0.6125414238885797;0.02795765337903768;0.9720423466209622;0.003316986328304626;0.9966968401373546;;;0.006333543595382485;;0.005960265095118914;0.00967844319009747;0.022848919340010095;0.007929112592209507;0.007816419602873659;0.0007366354696235017;0.0003691911888577769;0.011033866923921042;0.014176613794482313;0.007216259710514566;0.0072162597105145726;0.0019026747759327892;0.0018854574329254003;;;0.9683322820230875;0.871436794653104
cellsighter;level_3;0.8285260498240751;0.8610090970761354;0.8273893376163116;0.7152866877185357;0.7063021467510805;0.7741237570511126;0.7735426832420398;0.9968264265904828;0.9984118623702182;0.7745376259493255;0.6147011653570031;0.04131068185491345;0.9586893181450865;0.00703312859573989;0.9930215864989764;;;0.007239521494768943;0.005923470192597961;0.006227972875851584;0.013486446803750428;0.027019704085390835;0.008137813898616899;0.007967245580977578;0.0009462479068939132;0.00047390520594047295;0.010803051665364253;0.011642788071427124;0.007953473428940488;0.007953473428940485;0.002674112151267422;0.0026340618667605735;;;0.9638023925261553;0.8502718692098061
deepcelltypes;level_1;0.5007007631326652;;0.520472876747091;0.07446971854316603;0.31823475309586857;0.1996267304405992;0.19751021965026228;0.9763759906729674;0.9881173972119747;0.059779805912130224;0.03408625227009885;0.1993405716728405;0.8006594283271596;0.5419057374926685;0.6485480763734137;;6418.904;0.0;;0.0;0.0;0.0;0.0;0.0;0.0;0.0;0.0;0.0;0.0;0.0;0.0;0.0;;0.0;1.0;0.5018948335900951
deepcelltypes;level_2;0.39302754773718623;;0.4034087553077221;0.05153589966148655;0.4081720086145665;0.15887527817059913;0.15169757519513172;0.7947915981802097;0.8915108514091175;0.07239872834831701;0.03182706246086207;0.3858613499291635;0.6141386500708366;2.2845349508809973;0.30445710426426553;;6418.904;0.0;;0.0;0.0;0.0;0.0;0.0;0.0;0.0;0.0;0.0;0.0;0.0;0.0;0.0;;0.0;1.0;0.43524958155664106
deepcelltypes;level_3;0.3055612644542164;0.39109691308569505;0.31094227517243944;0.032969278871068416;0.08400586408665706;0.11021816059757361;0.10541344591988444;0.7409812796895303;0.8608026949827297;0.12318855328962877;0.0298523861656521;0.5512115593287981;0.448788440671202;8.74776182540237;0.10258765221304758;;6418.904;0.0;0.0;0.0;0.0;0.0;0.0;0.0;0.0;0.0;0.0;0.0;0.0;0.0;0.0;0.0;;0.0;1.0;0.3988974392196745
deepcelltypes_adapted;level_1;0.6182171910324483;;0.5986828476961941;0.4089396611842256;0.5974156340029021;0.23995276080986133;0.23743065720918977;0.9811202667789536;0.9905151522207791;0.06733482508592072;0.044731595961319696;0.17664435151159744;0.8233556484884026;1.817876312689154;0.35487718020017733;;;0.0;;0.0;0.0;0.0;0.0;0.0;0.0;0.0;0.0;0.0;0.0;0.0;0.0;0.0;;;1.0;0.5713548180019525
deepcelltypes_adapted;level_2;0.503088811874273;;0.48081708639238546;0.31758839623401625;0.40247178233357006;0.1888364882221912;0.18082241481351702;0.6969112695145409;0.834812116295961;0.08671867752407467;0.038359937465306325;0.25908906304599205;0.7409109369540079;1.9649213279363038;0.337277077330088;;;0.0;;0.0;0.0;0.0;0.0;0.0;0.0;0.0;0.0;0.0;0.0;0.0;0.0;0.0;;;1.0;0.47662169565232876
deepcelltypes_adapted;level_3;0.4095405199606309;0.465302268236713;0.3836259890075892;0.11786717221636482;0.0802712451907473;0.13317009897982557;0.12726018099204028;0.7693107622758615;0.877103621173611;0.14207749905425462;0.033422662534041456;0.4548988059358992;0.5451011940641008;7.960403944850069;0.11160211148457691;;;0.0;0.0;0.0;0.0;0.0;0.0;0.0;0.0;0.0;0.0;0.0;0.0;0.0;0.0;0.0;;;1.0;0.4399950937400197
flowsom;level_1;0.848264269661124;;0.8567529392547932;0.6832174942425184;0.5535666590683391;0.7669777228945858;0.7657227025845991;0.9961149104123302;0.998055091448569;0.6765503475792439;0.5329792473305065;0.06328780883370554;0.9367121911662945;0.014652971200827812;0.9855681991714395;;28.822000000000003;0.005987719107303723;;0.006044427848967543;0.009964551080464954;0.02485647968751214;0.010185085706052635;0.010455925706181193;0.0021256140806789133;0.0010648075425222143;0.01361252270948059;0.014479548464651307;0.008006151663006665;0.008006151663006658;0.0034640230503731064;0.0033608305154712633;;0.0;0.9700614044634814;0.840190764726805
flowsom;level_2;0.818145898301986;;0.825768165845214;0.6773159904904883;0.5741682091807786;0.7452904031689638;0.7440083024984547;0.9926215357111796;0.9962994461978111;0.689189811356217;0.5294592346703929;0.0665419845156634;0.9334580154843367;0.016450542682290573;0.9838308140273679;;28.822000000000003;0.004366040712972479;;0.00391776909008392;0.008976016972315686;0.022790229522736388;0.006596433031214449;0.006539451213236668;0.0065237051794670665;0.0032770505851427234;0.008768951657117732;0.010122705555217274;0.009431626165300655;0.00943162616530064;0.004364781026970999;0.004224242540866268;;0.0;0.9781697964351376;0.8296454833339391
flowsom;level_3;0.7381514895168294;0.8146552074072755;0.7571136054883105;0.5295549307768693;0.5288270272363226;0.6736506381519726;0.6713768395736435;0.9840897603678788;0.9920079074122837;0.7137806029667747;0.5165757924860109;0.1501546377073958;0.8498453622926042;0.07817662008874358;0.9277589182345797;;28.822000000000003;0.009778145231563187;0.00412621151136549;0.007034779004057295;0.033751118894775556;0.04334514076052805;0.010200495162842688;0.010147085692054632;0.006899659443827936;0.0034765499071228068;0.010276831672194644;0.010912256551214597;0.022027375902270586;0.022027375902270573;0.019959964314479828;0.017313656784644176;;0.0;0.951109273842184;0.7789816720107496
flowsom_meta_clusters;level_1;0.7627983689095069;;0.7805007616576646;0.557587509307629;0.7272914019306439;0.6436924645010423;0.6357423135789562;0.9439951810644502;0.9706967072126726;0.49711813351352196;0.3976604769541452;0.16521134995821524;0.8347886500417848;0.08778623547444799;0.9199046852744134;;28.822000000000003;0.030055982504058394;;0.035606133447751896;0.04678112009701653;0.06754737451943242;0.0474913985910687;0.05215737043772681;0.08547939687136522;0.04573511129438949;0.027645447607487234;0.017845299904677453;0.021486854797532994;0.021486854797532994;0.031215568038670902;0.02536163276534874;;0.0;0.8497200874797081;0.7379835030250168
flowsom_meta_clusters;level_2;0.6156446482913998;;0.6667373998341781;0.4333423605674798;0.6238170848825692;0.5248054844092839;0.4999772152612861;0.7674422800080795;0.8708616012494702;0.4701013000478738;0.3655136159720737;0.3145817578990235;0.6854182421009766;0.3302288280001929;0.7547841250147012;;28.822000000000003;0.03794739954070668;;0.04899843362564251;0.016235121874565016;0.16191782063660257;0.05259970598683125;0.057209979786710184;0.17566650722418872;0.10416727784072123;0.017954434466398047;0.01153941804707887;0.04228885517565405;0.04228885517565406;0.09160980873477574;0.052980110336205775;;0.0;0.8102630022964666;0.6287972546628353
flowsom_meta_clusters;level_3;0.5207781609697473;0.6527912221144021;0.5795066325105681;0.2023368945721028;0.5177091357407316;0.4376180220703765;0.40887365919255975;0.7927253564197204;0.8892607573015225;0.44746686442551215;0.3399821233485303;0.44953264657952813;0.5504673534204719;0.7436124403623122;0.57977292713036;;28.822000000000003;0.013182000188938489;0.04167198105634088;0.012978079743112252;0.025003387692996055;0.08772524491943601;0.012022853967717444;0.017071031395461185;0.08805128379546241;0.04825758315427326;0.04821336339667622;0.01658288150407198;0.04846097501433281;0.048460975014332795;0.18759865153729693;0.07012712596887369;;0.0;0.9340899990553075;0.5791840385019351
leiden_res0_5;level_1;0.763639955323301;;0.7798760492390351;0.5620556619729007;0.7801439878680154;0.6529130182920068;0.6422078638646852;0.8836018185452458;0.9396584633419298;0.5019760037767645;0.4019330445911059;0.17500002669340428;0.8249999733065957;0.10052627515792083;0.9089068041229303;678.566;678.566;0.023111828877750526;;0.022885329559198052;0.020953121165052897;0.025080070516248987;0.03243449152436556;0.03643747806222714;0.05354796408182092;0.02836791354525475;0.046910862453439825;0.03459202630225058;0.014781363974261285;0.014781363974261311;0.02036823999395769;0.01692727904410312;0.0;0.0;0.8844408556112474;0.7344855211074575
leiden_res0_5;level_2;0.7176751364108158;;0.7456379876486764;0.5331468180266165;0.6315597416498455;0.6266398992928407;0.617168521807574;0.9388133230047171;0.9688973424610694;0.5376113699234242;0.40938221292218435;0.19228373653316153;0.8077162634668384;0.12241016587392872;0.8913397587024117;678.566;678.566;0.012744727973629442;;0.008601441991512344;0.017836114034745734;0.04551447328951747;0.013690259320992052;0.01682757095133541;0.015538293742576845;0.00800490291901637;0.030304248953029692;0.01603334350230251;0.019054702639395047;0.019054702639395044;0.02651962925359131;0.021156174019766036;0.0;0.0;0.9362763601318528;0.7357629731897319
leiden_res0_5;level_3;0.5672178920151214;0.7312719167341806;0.6337362207049836;0.2924518903215397;0.4897166555515146;0.49697015095114117;0.4862316686308678;0.9415251703054496;0.9703062495869361;0.5486835032478755;0.3883371729700973;0.3470754618975199;0.6529245381024801;0.38226723307161004;0.724596912052509;678.566;678.566;0.01971755074489524;0.008235550429822084;0.008747211339497487;0.032109686466339236;0.10124977981439336;0.015615006757106692;0.018941928303387347;0.012096434909009541;0.006220160567078174;0.0369385496085637;0.016732315316271822;0.02809524834973279;0.02809524834973275;0.060735535631476344;0.03266077669238152;0.0;0.0;0.9014122462755239;0.6487261102266043
leiden_res0_8;level_1;0.7681050470708412;;0.7868064412393326;0.5692287824295436;0.7692908670150942;0.6603479148357335;0.6479644626962837;0.8969163547568837;0.9468096217212866;0.4989549517194184;0.4090457558142525;0.17203758841476388;0.8279624115852361;0.0956889874660602;0.912768854821603;754.646;754.646;0.014759785512497547;;0.015642181798480627;0.015544419050935242;0.010627432163822618;0.020098305796544164;0.023452228909101088;0.04656991472737613;0.02418405913194618;0.028744772792587202;0.022880880666564494;0.009719764771769642;0.009719764771769623;0.012794174118995999;0.010823548552541265;0.0;0.0;0.9262010724375123;0.7445927387674262
leiden_res0_8;level_2;0.7326005554133904;;0.7586902259159034;0.5574601374739977;0.6648569294021465;0.642718996368863;0.6324500420796436;0.9651231665473565;0.9823718491536333;0.5313585944663;0.4143788185481411;0.17802115616162878;0.8219788438383713;0.10306568268744638;0.9067483521665354;754.646;754.646;0.019095821865400243;;0.01655076405188097;0.023781183412638403;0.037355770897346485;0.023998941453818062;0.026336853551015445;0.018303487411340535;0.009267991815088295;0.026855121501824727;0.02313165293790263;0.013501918532925292;0.01350191853292532;0.017415232084158225;0.014570311453082053;0.0;0.0;0.9045208906729988;0.7452549397880097
leiden_res0_8;level_3;0.6158217567231068;0.7456410336540256;0.6683558038751567;0.37394432816656026;0.5161271159742088;0.5404231614167905;0.5312940540519827;0.9749885903191373;0.9874105732633162;0.5575699682750381;0.40819439632996;0.276349403182208;0.723650596817792;0.24241400682362682;0.8057018226052776;754.646;754.646;0.02267072588029985;0.0157778846522554;0.014518152069686227;0.031842271023956044;0.01909913017404973;0.021355478716427928;0.022585864115432855;0.006597735740368765;0.0033447957610859692;0.022178258207154394;0.016921773373978984;0.025362215961682734;0.025362215961682734;0.044721340106580486;0.02838553120386421;0.0;0.0;0.8866463705985007;0.6818282896321767
leiden_res1_0;level_1;0.7666124033274554;;0.7848598936377339;0.566648613714032;0.7698006959059829;0.656535244885192;0.6455739349895621;0.9048434095915102;0.9511351205782775;0.49927740845948543;0.40144920753374536;0.16912527175948178;0.8308747282405182;0.09174394516738542;0.9160202008040192;735.668;735.668;0.003881186943144832;;0.003195613410076591;0.0022673882620506264;0.010833492444545451;0.0047513499284327744;0.006550343478076894;0.02923685493262832;0.01522300865695378;0.015063159400614314;0.006349852931493968;0.007141913226302097;0.007141913226302059;0.009369517883975297;0.007939090005044324;0.0;0.0;0.9805940652842758;0.7506755660519472
leiden_res1_0;level_2;0.736718668760664;;0.7612234942038909;0.5621147810234373;0.6763590804019883;0.6467204673824014;0.6374711343766484;0.9669116150681841;0.9832974831900969;0.5358668240169078;0.41100665802758957;0.17470678766549289;0.825293212334507;0.09853421007712512;0.9104011729873023;735.668;735.668;0.002221091222808694;;0.0016575493835495377;0.006552367474277515;0.008553105832159097;0.002092429814025843;0.003908758529683997;0.01354388462675264;0.006862454025815952;0.016745496085925345;0.004135640554385575;0.009853562296951515;0.009853562296951597;0.012618451105713916;0.010583339250420183;0.0;0.0;0.9888945438859565;0.7576910013231319
leiden_res1_0;level_3;0.6233834121582218;0.7473757401066891;0.6716936801737848;0.38743890049391305;0.5058112470194456;0.5461377306106037;0.537952843062325;0.976073568705667;0.9879637405901025;0.5634262733904934;0.4029266395002663;0.2662011259840412;0.7337988740159588;0.22610369644746187;0.815629234518634;735.668;735.668;0.011721792138667827;0.0007741035542247346;0.007204349272501444;0.009483180328183254;0.04095994811179181;0.011738214056552598;0.012778351237559923;0.0024362037877565875;0.0012328751352990827;0.017298048762993304;0.007541848131087907;0.005688577259780558;0.00568857725978052;0.009321058990117672;0.0061715689732019016;0.0;0.0;0.9413910393066609;0.6928290209435303
leiden_res2_0;level_1;0.7853744943791268;;0.8023683214581825;0.5824278855829695;0.6854753108545726;0.6810766571821035;0.6758807004604735;0.9547348163616196;0.9770828657573757;0.5401629571646442;0.42026506418589815;0.15339902725227256;0.8466009727477275;0.07223147154705489;0.9326501733768848;717.2560000000001;717.2560000000001;0.005406403439152538;;0.005503457302714745;0.007364867353022359;0.24193987408786502;0.007855558882409503;0.008405263774300238;0.014471049200935502;0.0074069059814070425;0.009195085691880486;0.008686615588723386;0.004695937340621241;0.004695937340621214;0.004931958676808356;0.004275161695654203;0.0;0.0;0.9729679828042374;0.7746751867945258
leiden_res2_0;level_2;0.7485936945505253;;0.7717971547765671;0.5722520567915825;0.6131272039924014;0.6626135705919969;0.6576130953618158;0.9815795318868255;0.9907412296637383;0.5679678228795855;0.42126633517876294;0.16088918038877592;0.839110819611224;0.08092115001365932;0.9251674336518768;717.2560000000001;717.2560000000001;0.005252719916608649;;0.005440177678480934;0.00877364993775131;0.18181293251507064;0.007839868347641544;0.0077581886510922245;0.007458251519512917;0.0037662533121344205;0.004801319849011516;0.009600979376797367;0.006279866337524711;0.006279866337524731;0.006954149348267018;0.005940087317067168;0.0;0.0;0.9737364004169567;0.7696549507688437
leiden_res2_0;level_3;0.6543723365054288;0.7578269145846812;0.6893303027452491;0.45648926679491614;0.42642832023451643;0.5751608297142667;0.5710485683004214;0.984543929777945;0.9922405279149095;0.5994105617963446;0.4128085016191605;0.20633382133725447;0.7936661786627455;0.134238490423397;0.8818589510109284;717.2560000000001;717.2560000000001;0.01076677756487154;0.00539886391389158;0.008205838984239605;0.02743898096032256;0.05175852892128416;0.010929101905160101;0.010820127778931633;0.003620742748601171;0.0018250140707091302;0.0037416687261112727;0.008840311755065137;0.016395404957245372;0.016395404957245376;0.019458778238055207;0.015313581599090634;0.0;0.0;0.9461661121756423;0.7187513817472359
logistic_regression_default_StratifiedGroupKFold;level_1;0.8841679256704318;;0.8806692289086098;0.7925609680283641;0.8132154519533211;0.8166880442755013;0.8120970687689241;0.9476536890565344;0.973384080706165;0.7183168204945759;0.6194383607488213;0.06390992114865217;0.9360900788513478;0.017163031092742975;0.983164910520188;4.779999999999999;2.419;0.012686902565336989;;0.012390016335393522;0.011912112684456634;0.014822402333488319;0.017392042391279842;0.019440120013215875;0.028925704053256326;0.014879536465744914;0.03899661991459119;0.02423195064591994;0.012820986460636794;0.012820986460636839;0.007121677414349383;0.006845448362089905;0.0;0.0;0.9365654871733151;0.8624559236758246
logistic_regression_default_StratifiedGroupKFold;level_2;0.8637738435814605;;0.8582670632405927;0.7883328565302277;0.8173949212443066;0.8049572934164235;0.8012316349261411;0.9738684910259684;0.9867912584926588;0.7127038337321838;0.6199990401746232;0.0669735442471753;0.9330264557528247;0.018809723677376856;0.981577032631702;4.779999999999999;2.419;0.014612408378002671;;0.014878915415171116;0.01375934220119526;0.012698965043877013;0.01825753060339608;0.019630183428918514;0.023196225502235452;0.01180588774950286;0.04044355544699866;0.025820707581709054;0.012212093595226119;0.012212093595226096;0.007249474154611709;0.006935976066669392;0.0;0.0;0.9269379581099867;0.8574293592284048
logistic_regression_default_StratifiedGroupKFold;level_3;0.8391538951112395;0.853092795330537;0.8279215988553222;0.7464084911155876;0.8169961841926762;0.7834740899239808;0.7802060578678564;0.9928525370614171;0.9964186477164482;0.7355220316323292;0.6467321709969325;0.09221244101735082;0.9077875589826492;0.03875318359602591;0.962905109926169;4.779999999999999;2.419;0.015322807476207845;0.01524694887600052;0.018005353394604483;0.02439549385409997;0.01349583179822374;0.01903097320223833;0.020215601576607144;0.0034630417161509;0.0017376508357912937;0.038141344704124974;0.02057068005203793;0.019947380213177934;0.019947380213177966;0.01727939804801848;0.015969468100662295;0.0;0.0;0.9233859626189608;0.847260367989238
maps;level_1;0.9314546957834752;;0.9311212234124724;0.8810426140767007;0.8824079130973821;0.8916470704278551;0.8900222765495812;0.9826258697322834;0.9912722328223864;0.8214533142451529;0.7393140191276208;0.03231111716068698;0.967688882839313;0.004278707902081595;0.9957411760770855;568.946;289.522;0.005018510128363244;;0.005343118730097194;0.006727134415430417;0.00917989958535025;0.00793184702413675;0.008422373557861188;0.005070478787377061;0.002556894504014299;0.014906533748824865;0.012764250486343885;0.00559927218789254;0.005599272187892549;0.0014475992341597273;0.0014348902919424724;0.0;0.0;0.9749074493581837;0.9217274162675656
maps;level_2;0.9213860726252868;;0.920397921854015;0.8780016253696991;0.8877943671435237;0.8876265630826456;0.8864329220203644;0.990203350136064;0.9950886028542602;0.8270316974403858;0.7453428956088117;0.033528186383314215;0.9664718136166858;0.004596929786205403;0.9954255716650053;568.946;289.522;0.005407760369389306;;0.005763355201814976;0.006697774226525859;0.0072190471841421305;0.007393063999278741;0.007785100759660102;0.0031644569078070795;0.0015900493783104898;0.014703338630308338;0.011289903101408873;0.005130428741535458;0.005130428741535464;0.0013632773027510018;0.00135072142716314;0.0;0.0;0.9729611981530535;0.9199033281706416
maps;level_3;0.9037548631331356;0.9172882123456201;0.9012760695242372;0.8474691385481006;0.8836366741085447;0.8724835827477053;0.8715022828846675;0.9982941818926399;0.9991466953188676;0.8395964456788562;0.7613428778475383;0.04301603794086737;0.9569839620591326;0.007890554245296187;0.9921789843330171;568.946;289.522;0.005421688292567296;0.005716706161275483;0.005303061112721657;0.004743948017160618;0.0042517121296834805;0.005681675980712908;0.005956645239926219;0.0005613369762772043;0.0002809048457028949;0.01490442798257943;0.00699241131821483;0.0076302540678310875;0.007630254067831077;0.0031564852919923874;0.0030993533688800346;0.0;0.0;0.9728915585371635;0.9118238686961525
most_frequent_default_StratifiedGroupKFold;level_1;0.29113120666930614;;0.46116411342209995;0.15779925504372344;1.0;0.0;0.0;0.4685847244690751;0.684245370187653;0.0;0.0;0.5854980149985144;0.4145019850014856;1.116814526510131;0.472458400876188;0.002;0.001;0.00825829427827591;;0.007798906064200025;0.0018349047930574678;0.0;0.0;0.0;0.029978779444512296;0.022164099514666875;0.0;0.0;0.005542156404135357;0.005542156404135377;0.024579766882048798;0.00543179416732994;0.0;0.0;0.9587085286086204;0.3357370220444975
most_frequent_default_StratifiedGroupKFold;level_2;0.29113120666930614;;0.46116411342209995;0.12623940403497874;1.0;0.0;0.0;0.7842494728398192;0.8855225114118012;0.0;0.0;0.5854980149985143;0.4145019850014857;1.116814526510131;0.472458400876188;0.002;0.001;0.00825829427827591;;0.007798906064200025;0.0014679238344459812;0.0;0.0;0.0;0.01967870925188601;0.011144203804865633;0.0;0.0;0.005542156404135392;0.005542156404135386;0.024579766882048798;0.00543179416732994;0.0;0.0;0.9587085286086204;0.38966835966518065
most_frequent_default_StratifiedGroupKFold;level_3;0.29113120666930614;0.46116411342209995;0.46116411342209995;0.04508550144106384;1.0;0.0;0.0;0.9356385403461918;0.9672818447494678;0.0;0.0;0.5854980149985143;0.4145019850014857;1.116814526510131;0.472458400876188;0.002;0.001;0.00825829427827591;0.007798906064200025;0.007798906064200025;0.0005242585123021325;0.0;0.0;0.0;0.004522000179413439;0.0023380451927278805;0.0;0.0;0.005542156404135299;0.005542156404135318;0.024579766882048798;0.00543179416732994;0.0;0.0;0.9587085286086204;0.40655663724852775
nimbus_FuseSOM_15;level_1;0.6462253825272375;;0.6721128288818836;0.42893608749025125;0.504560286509948;0.4594404315094908;0.4455874163849066;0.8978514251893837;0.9473283096791864;0.27440183260132917;0.19357611047131842;0.18669352932636035;0.8133064706736397;0.11657551890099774;0.89578402998054;;71.376;0.005902972501133194;;0.007982175490916097;0.008206248176239732;0.04418144571600624;0.006114700378842211;0.009882992663309472;0.043557690269050486;0.022926482224691003;0.01423099918314479;0.0035928622252468434;0.012017254714566149;0.012017254714566135;0.01819552198839171;0.014463154396029942;;0.0;0.9704851374943341;0.638040983528667
nimbus_FuseSOM_15;level_2;0.5847705160075266;;0.6154262475471268;0.3998301947882592;0.438899151575741;0.4175002840593221;0.4060010658355919;0.9507681864869163;0.9750140760966923;0.3030998645470588;0.18572798724406608;0.18956469532133494;0.8104353046786651;0.12058948495506987;0.8925631420994303;;71.376;0.004946502769640432;;0.007691817648706605;0.006957908502024015;0.027681494870838482;0.00708783613876942;0.006432504694111128;0.023466697621245782;0.01202798300993544;0.007924050665222388;0.005955622425663334;0.011717564426944986;0.01171756442694498;0.01761020476042957;0.013975273300413496;;0.0;0.9752674861517978;0.6252975468355879
nimbus_FuseSOM_15;level_3;0.4567949873202176;0.5987262112843315;0.5190657971591518;0.18651109006314404;0.32040589320264007;0.3146297015003078;0.3038287814268685;0.9588254538997709;0.9791658528418475;0.34494133749449957;0.1801399003179908;0.3476668712146704;0.6523331287853296;0.3813423533898116;0.7245484424824186;;71.376;0.008307872326495724;0.007174397356460254;0.00591796323615302;0.01799066894515736;0.010631050850689652;0.007591855057114739;0.010024419171538458;0.016928102670126417;0.008637601538363428;0.012525116839915171;0.008980826134541882;0.016429591347930386;0.016429591347930362;0.04454903482347895;0.02383837324562169;;0.0;0.9584606383675214;0.5580248488970365
nimbus_flowsom;level_1;0.6092344176001123;;0.6489625194425059;0.39834620840437485;0.4257463852438884;0.4303151557929993;0.3869191846786612;0.764656330366612;0.8743714368419504;0.19527672353623612;0.1796045887253402;0.253987849778597;0.746012150221403;0.23378133753425714;0.8106823928652054;;27.826;0.009199260478582978;;0.007632408292310692;0.0067656556615416415;0.01130042559275043;0.010277711227212282;0.014632449680467079;0.022564882853963193;0.012792615133108528;0.01554557389597823;0.006136344809761615;0.01004882538960334;0.010048825389603342;0.01956515699755006;0.013085446512151336;;0.0;0.9540036976070851;0.5846761860300597
nimbus_flowsom;level_2;0.5627734207498543;;0.6148452146824555;0.3769399035843609;0.363335225337012;0.4068782616778817;0.3698097744222453;0.9279850199889168;0.9633112489475406;0.23708110305963306;0.1814322445889921;0.2572743829406147;0.7427256170593853;0.23906364060065138;0.8072276541256587;;27.826;0.007280520636166877;;0.005232057970791869;0.006679954295831019;0.011839379191354924;0.008311950286955297;0.012212970775538352;0.008762993324373053;0.004535642188024146;0.014234029847272343;0.0049920547980258695;0.010090418979389754;0.010090418979389735;0.019733856514564725;0.013076882096500717;;0.0;0.9635973968191656;0.6025801493257836
nimbus_flowsom;level_3;0.47618353338057967;0.604893868475903;0.5488069793947721;0.25623934811607113;0.25738152136696363;0.33298037121392554;0.30497440618822386;0.9719408087205537;0.9858703229354806;0.28724432484793516;0.1901112508043999;0.29236869404539123;0.7076313059546088;0.29121152691037133;0.7745145624607848;;27.826;0.003945899639214587;0.004733943233185338;0.0017408406779065068;0.005256357969579108;0.03801174090917691;0.005307974818211466;0.008193483396055997;0.001582749314597468;0.0008023992500066739;0.013797083973546212;0.0036889267322936154;0.004501492857066382;0.004501492857066338;0.011391993372185487;0.006817553473257816;;0.0;0.980270501803927;0.5716122885112743
nimbus_leiden_0_8;level_1;0.6769375376408787;;0.6909106421331956;0.4658766085144972;0.426742526705756;0.4978736622193395;0.4932734579421565;0.945713953779714;0.9724427044538075;0.33202346777680125;0.22192207848386009;0.15770171228654756;0.8422982877134524;0.07773736053003318;0.9278997570634526;1464.652;1464.652;0.002235078439411251;;0.0059980527981133396;0.0035510780244387414;0.25588221726148475;0.004352744260987983;0.004037583035667714;0.017994154254290167;0.00929652719291874;0.00725748183978383;0.0042374040319361475;0.005538869494048253;0.00553886949404827;0.0068700301600691915;0.005865153475425921;0.0;0.0;0.9888246078029438;0.6737640713625926
nimbus_leiden_0_8;level_2;0.6209825594847453;;0.6390893359905669;0.43755430791826877;0.38339528720038657;0.46473194144387886;0.4606347005167285;0.965178822789324;0.982345962712307;0.3605029513784571;0.21854126969171386;0.16208256713010333;0.8379174328698966;0.08303635647337232;0.9233615758380145;1464.652;1464.652;0.004288213073797864;;0.004670747946286656;0.006310864230961567;0.19584289605741398;0.003588944356495258;0.0036299919752383193;0.029028396980392408;0.014800014026803228;0.008159256320232424;0.006920585700542171;0.006091023694050879;0.006091023694050808;0.007079105684237394;0.0060313095504615525;0.0;0.0;0.9785589346310107;0.6566199463183653
nimbus_leiden_0_8;level_3;0.5010423418313513;0.6251722279705514;0.5458952522002025;0.24971342039163433;0.3151912250360665;0.37451986326443454;0.36906122298995847;0.9564564179391887;0.9779730471352869;0.4013544972163897;0.22048556508583644;0.3106230273306707;0.6893769726693293;0.30020949448066486;0.7695872089419374;1464.652;1464.652;0.00827619834401394;0.0030881282879953445;0.004978918447380239;0.009807366574731432;0.11662970903525974;0.011112890291973695;0.01284282690510494;0.010928222697183451;0.005605467878626572;0.014687942341067047;0.009649941546829894;0.014705848800108612;0.014705848800108647;0.036740390617447424;0.021254607127532812;0.0;0.0;0.9586190082799303;0.5927372301387085
nimbus_phenograph_40;level_1;0.6824152435941866;;0.6924677927095251;0.4757865848640666;0.2514814718456929;0.5082021023313963;0.5032480916292359;0.9202420653740042;0.9592475577608399;0.3473430668604069;0.23584820061295408;0.1634361329686228;0.8365638670313771;0.08647625550515645;0.9204590400812588;;979.4979999999999;0.007814735266709043;;0.007575854615665661;0.006259680096612366;0.21694564210417092;0.011099845145857892;0.012073106575334757;0.01988540922714136;0.010379565493574288;0.014205783727701966;0.010015467642529427;0.0071363875351060915;0.0071363875351060915;0.009181334177344722;0.007745550253491838;;0.0;0.9609263236664548;0.6722087587544574
nimbus_phenograph_40;level_2;0.6239693221694493;;0.636553005029347;0.4427860317265348;0.25060592547134075;0.4684245104707599;0.464112978757705;0.9303066107163612;0.9644499902976978;0.3733317445567998;0.22561942694641876;0.16797560524678762;0.8320243947532123;0.09217513393463532;0.9156812382699535;;979.4979999999999;0.0036183522008899505;;0.005981641271139888;0.0027568801807671766;0.16057929065576462;0.004481869641858354;0.005095772710590326;0.02577997047645073;0.013361648996848274;0.007172595488403074;0.004096292643428488;0.008447462146354985;0.008447462146354988;0.011208837973573518;0.00939886373174556;;0.0;0.9819082389955502;0.6539824925244673
nimbus_phenograph_40;level_3;0.5128618195316067;0.6240617026564637;0.554115467156111;0.2534610246673163;0.22718770994240134;0.38914107643557083;0.3847679487014578;0.9612379971762405;0.9804210165756189;0.4245693378015205;0.2258482496631104;0.295211641003137;0.704788358996863;0.2690747665719878;0.7880272766744122;;979.4979999999999;0.003113701035635059;0.005012665753619997;0.0024537682318373573;0.012185051577771566;0.041450797905584966;0.0033903404327510164;0.0035335690635928127;0.007794631605700801;0.003972944920081416;0.009987474671157234;0.004079101784607651;0.004611085916898746;0.004611085916898771;0.011428067003454773;0.007167983839194444;;0.0;0.9844314948218247;0.605000798096363
phenograph_20;level_1;0.7410830735105677;;0.7612802995002738;0.5442322838286272;0.6486529357304707;0.6116503488111998;0.602282447933233;0.9340242751353597;0.9663449049887817;0.44507329198900125;0.3409497721011863;0.15900766850464182;0.8409923314953582;0.08089843495059636;0.9252533383272841;;2650.2300000000005;0.010724480711517605;;0.009801566889514621;0.011647236934334332;0.16102278137534726;0.014527920013663046;0.016962899286903945;0.030121660422401723;0.015561480813163655;0.019448622702282217;0.014710997305338366;0.012221528358499921;0.012221528358499904;0.012131314900364027;0.01037517267074073;;0.0;0.9463775964424119;0.7280387246821617
phenograph_20;level_2;0.7041082742311567;;0.7308231080153805;0.5273591642198315;0.5710396161066936;0.5974602847770397;0.5891644334184072;0.9844253093018672;0.9921718564583811;0.48652178202487617;0.3490244871478268;0.16400833935424164;0.8359916606457585;0.08659811990154802;0.9203998537068704;;2650.2300000000005;0.011540613060466503;;0.00964934467329166;0.013071883055331744;0.11918837828738332;0.015148045898317863;0.01694278648539402;0.009799639955739035;0.0049375970427184435;0.018872973009371095;0.01602109708266293;0.01103309920689228;0.011033099206892277;0.01219865238893777;0.010304685052235408;;0.0;0.9422969346976675;0.7282590163494009
phenograph_20;level_3;0.5966335268918298;0.7163896284269783;0.6425160298129363;0.35893448597758115;0.4618274481986137;0.5035592890406408;0.4964078369859534;0.9818538393042552;0.9908851575063976;0.5219793648164637;0.3482787557749148;0.24806631175700922;0.7519336882429908;0.19374268373195627;0.8378184793469695;;2650.2300000000005;0.009747303254866278;0.009595443440646065;0.007582553307034838;0.024756744394033834;0.07478965115883593;0.012010916939114043;0.012827606210130018;0.0014466184330279707;0.0007298803546804747;0.014878345113062552;0.012411911453310621;0.012148223211657235;0.012148223211657226;0.015388428325021342;0.01089300072044862;;0.0;0.9512634837256686;0.6715592237846363
phenograph_30;level_1;0.7437989077003064;;0.7636247029389267;0.548092790583227;0.6584772416084821;0.6151549979110301;0.6059630471842986;0.9372209468676177;0.968073203224427;0.44860172833770334;0.3459966785567272;0.15636563444519133;0.8436343655548088;0.07863163475280842;0.927215362798944;;3018.106;0.005140936805800217;;0.006010544914189982;0.009050995958894869;0.14708182507364584;0.008089000384584244;0.00855605708681837;0.015751515730628766;0.008140275161068704;0.009066719158151168;0.010634532306012245;0.01644497646582269;0.016444976465822703;0.013057289799106924;0.011380168354732469;;0.0;0.9742953159709989;0.7338695156353929
phenograph_30;level_2;0.7098482615322542;;0.736108042361146;0.534663172135397;0.5845994413442747;0.6054494176056774;0.597105672604234;0.9854402589478891;0.9926898532206412;0.49172359035984364;0.3593975749929182;0.1624287523739033;0.8375712476260967;0.0852455160831399;0.9215250955335468;;3018.106;0.006676245089101437;;0.00563924554843897;0.009071261701274971;0.11031090643998777;0.00840840327220615;0.008557882533251862;0.0058014286247721055;0.0029218338086385923;0.007088349638371882;0.010959689380166011;0.012765223037576006;0.012765223037576007;0.010675119398201129;0.009103243439270525;;0.0;0.9666187745544929;0.7355163381468418
phenograph_30;level_3;0.60312527662223;0.7220968019334185;0.6464482834810344;0.3902172031309052;0.4244263218862745;0.5089462101953367;0.5018182487466188;0.9826205572745667;0.9912698492275603;0.5232407242698973;0.35841786908465956;0.23541955236704445;0.7645804476329555;0.17621357591026698;0.850446812230008;;3018.106;0.012782708321439329;0.005326702229706888;0.011156614661096284;0.020151140107276314;0.08979783236406141;0.015535388982558167;0.015659545488278585;0.004674865784300907;0.002360496626490161;0.008041230169765578;0.011694846591493656;0.013314275870197843;0.013314275870197831;0.022678717179800835;0.016249455839642546;;0.0;0.9360864583928034;0.6759747568156613
phenograph_40;level_1;0.7457321515336611;;0.7662895932551185;0.5462669082674381;0.723111894585761;0.6203432388731519;0.6105349901699426;0.9317205388009603;0.9652254234518675;0.4579772568489031;0.35568068920053714;0.1637555146681348;0.8362444853318652;0.08472902601619185;0.9219249855009829;;3337.6880000000006;0.012992700330886696;;0.011747604650616002;0.012892214821893812;0.024672770739494;0.01985251766919145;0.021443064170691237;0.01649879329945681;0.00851497902217203;0.025473966921370512;0.020770706848641206;0.005602232278023378;0.005602232278023371;0.007384418084125737;0.0063039440655398805;;0.0;0.9350364983455666;0.7310140666162901
phenograph_40;level_2;0.7129361554100999;;0.7392903056912489;0.535215697732689;0.6329903045222328;0.6108116830860082;0.6019877279314748;0.981017904209407;0.9904623170087344;0.5009143269126485;0.3690019202553117;0.16853695614078545;0.8314630438592144;0.0904110573641695;0.9170995260838589;;3337.6880000000006;0.012523127665509571;;0.012021103423776432;0.014720439192622408;0.02303480110061897;0.018981884976919255;0.01991760814047792;0.003294152433736937;0.0016623339362140616;0.02338275397425406;0.019603872382786002;0.003715972605729133;0.0037159726057291193;0.004693988353883311;0.003953322359145951;;0.0;0.9373843616724522;0.7344467199616405
phenograph_40;level_3;0.6066143983610637;0.7245026255128072;0.6516161799568455;0.38237664738574734;0.4286187647781907;0.5160662966824748;0.5085796421445382;0.9824279451438948;0.9911744059153335;0.5343024129960778;0.3676801492054433;0.24322639303793647;0.7567736069620635;0.1873054253040453;0.842297872769762;;3337.6880000000006;0.010492949637154194;0.012225496946379548;0.010279266272763451;0.018358067369473027;0.07012992506226849;0.016150788017858644;0.016946552433442078;0.0024206728411948343;0.0012209188083542682;0.020940080162298147;0.012914965918540976;0.00792145912848578;0.00792145912848572;0.01048004235564543;0.007423843128260736;;0.0;0.947535251814229;0.6800770200444671
phenograph_80;level_1;0.7674673746467943;;0.7860945155543694;0.5639928539453722;0.7559099913050584;0.6533084805765869;0.6460557139434656;0.946972902325082;0.9730392537927166;0.5030931111169408;0.3909925578532188;0.1588688233366741;0.8411311766633259;0.07836499854418812;0.9273801585836708;;4451.796;0.007381122510938618;;0.007776897025183727;0.009495095071169619;0.014856326571199181;0.010829178386057885;0.011675542601328803;0.027475897703556455;0.014177992957896254;0.011879241622564152;0.011942064423408862;0.006736288569615981;0.006736288569615982;0.00872012189977536;0.007473021113049322;;0.0;0.963094387445307;0.7559020659274038
phenograph_80;level_2;0.7364643802420902;;0.7601070039690786;0.5596420629147489;0.6749516734743116;0.6439810947550376;0.637396189846453;0.9817948898173959;0.9908310918794146;0.540758768328535;0.404063169536137;0.1642141445473293;0.8357858554526706;0.08488690202463418;0.9219844082021948;;4451.796;0.009882625836508762;;0.007308100871181821;0.017175792841255245;0.02993951602817325;0.010455071221377232;0.011130641425934945;0.01506654993896812;0.007639674006894377;0.0088984974328973;0.010220952129068485;0.014965604738819655;0.014965604738819653;0.018978242808872055;0.01573286626516382;;0.0;0.9505868708174562;0.7557291502855789
phenograph_80;level_3;0.6203376604706748;0.7451884691669827;0.665477693165353;0.3960112554285979;0.4290964954886345;0.5405974299679619;0.5340259711170522;0.9723983569210155;0.986092646419115;0.5685307579516424;0.4006448505231732;0.2585895126754054;0.7414104873245946;0.2156895861831365;0.823155635065409;;4451.796;0.01469061205844884;0.007394411742557796;0.010807684063185764;0.014772837003814987;0.025275759790665906;0.013330771948920368;0.013470143498571792;0.009570420379903617;0.004855874688886594;0.00803714869382398;0.010848982131010898;0.02066337243128748;0.020663372431287495;0.03554380708101523;0.023693577961261453;;0.0;0.9265469397077558;0.6900020790165744
random_forest_default_StratifiedGroupKFold;level_1;0.9406768245262258;;0.9416498625757213;0.893150368334082;0.8646157597151879;0.9060061362222612;0.9057829241956968;0.9992968010963909;0.9996482694793507;0.8457797055210463;0.7590209914664146;0.022731216766241364;0.9772687832337587;0.002164558758035235;0.9978413761463495;27.98;14.460999999999999;0.0037976738320975494;;0.004284557535630024;0.0018946169637794853;0.013975382763359974;0.006709076836894981;0.006657480981243675;0.0008314664266453398;0.0004159677425066912;0.013303800954702136;0.014569323769075868;0.0077451626697257235;0.007745162669725721;0.00125892567873713;0.0012534863569883385;0.0;0.0;0.9810116308395123;0.9347780580878098
random_forest_default_StratifiedGroupKFold;level_2;0.9309146219188399;;0.9318003433760176;0.891082785934626;0.8699125500335831;0.9011962490768044;0.9010245559244631;0.9991946914267829;0.9995972432563326;0.8473599877815472;0.764891901524668;0.022858840785078424;0.9771411592149215;0.002186520634535039;0.9978195353023066;27.98;14.460999999999999;0.0038040766468595694;;0.004355133786892935;0.0022785504436957102;0.011693416781436103;0.005751316827107024;0.005691233588028014;0.00046185042918011276;0.00023103333927607678;0.01229536565640249;0.01160801333828166;0.007715445754380102;0.007715445754380074;0.0012718223800865373;0.0012662013133205756;0.0;0.0;0.9809796167657021;0.9314611217179016
random_forest_default_StratifiedGroupKFold;level_3;0.9150936259706726;0.9292718528617794;0.916437112514933;0.8594904167160362;0.8325130712725375;0.8891458340952708;0.888939472260305;0.9985614861383887;0.9992804798602034;0.8575708500326561;0.7838333264258487;0.03629784489292872;0.9637021551070714;0.005121069542694576;0.9949054283672464;27.98;14.460999999999999;0.003954903574995966;0.004383566934933337;0.004397573057947581;0.0058290013920786815;0.009483360247356631;0.005100958121321576;0.00506872765366711;0.00020851588477360314;0.00010433569877575878;0.011925677799307501;0.006959964879875846;0.0027292349074803184;0.0027292349074803375;0.0007177892074970153;0.0007109579901304584;0.0;0.0;0.9802254821250201;0.9227494177459429
ribca;level_1;0.25025984848951427;;0.36093385282105017;0.17552163487878175;0.48015489669720646;0.14553111661930246;0.10345714110922488;0.03225539589957102;0.17959787275903638;0.07161296617642723;0.07856382934596431;0.6292416855235377;0.37075831447646235;1.4358442462504235;0.4105352801351455;;6710.772;0.0;;0.0;0.0;0.0;0.0;0.0;0.0;0.0;0.0;0.0;0.0;0.0;0.0;0.0;;0.0;1.0;0.25768553652810094
ribca;level_2;0.20895524052632075;;0.2999232144068149;0.22014552156902673;0.5246625247298615;0.21398764464909398;0.17101550794503395;0.12912252836713442;-0.35933623302853057;0.10271380084453338;0.12126634218708594;0.6312628281825141;0.3687371718174859;1.4505240948640565;0.40807597121605743;;6710.772;0.0;;0.0;0.0;0.0;0.0;0.0;0.0;0.0;0.0;0.0;0.0;0.0;0.0;0.0;;0.0;1.0;0.22072524725326975
ribca;level_3;0.1398616754891434;0.2829488792961446;0.19671112647309114;0.1680114278809735;0.3114520297618903;0.1960994378549681;0.16200035138515556;0.022915549659805516;-0.1513788283076782;0.1737680290842596;0.21216998218401809;0.7162543304086283;0.2837456695913717;3.0663665186189784;0.2459197899208605;;6710.772;0.0;0.0;0.0;0.0;0.0;0.0;0.0;0.0;0.0;0.0;0.0;0.0;0.0;0.0;0.0;;0.0;1.0;0.21199875216885763
ribca_adapted;level_1;0.2935360544272675;;0.37916822477677553;0.22610124110957908;0.8761827201631253;0.17955383468695546;0.1174629418609292;0.0327481806409427;-0.1809645839410096;0.07649392175312347;0.10620136376978263;0.6795221364120847;0.3204778635879153;11.431181397449748;0.08044287731213942;;;0.0;;0.0;0.0;0.0;0.0;0.0;0.0;0.0;0.0;0.0;0.0;0.0;0.0;0.0;;;1.0;0.236011090590507
ribca_adapted;level_2;0.24444782358867037;;0.31556504919144174;0.2813503007675361;0.7351748264855484;0.2586113359333154;0.18881252741508225;0.547519462124132;-0.7399455805153052;0.12848869983890754;0.15654493303562386;0.6798941542326992;0.32010584576730083;11.433813926684866;0.08042584567345398;;;0.0;;0.0;0.0;0.0;0.0;0.0;0.0;0.0;0.0;0.0;0.0;0.0;0.0;0.0;;;1.0;0.24720551314930894
ribca_adapted;level_3;0.18761073485640115;0.2991028232251919;0.22895744274449775;0.26647693185605714;0.3184285846984416;0.2637474714874504;0.19943506019215174;0.12135037798589944;-0.3483538114990267;0.2311164120034231;0.27026584965077377;0.7414250430231247;0.25857495697687527;11.901135291485394;0.0775125581901299;;;0.0;0.0;0.0;0.0;0.0;0.0;0.0;0.0;0.0;0.0;0.0;0.0;0.0;0.0;0.0;;;1.0;0.23892673551409485
scyan;level_1;0.8265346572164501;;0.8413764966080893;0.6145677372983934;0.23489858707950495;0.7463883395109171;0.7419527880062518;0.9570668778913377;0.9781674493345084;0.6364510414200951;0.5119101883207;0.1298326081740074;0.8701673918259926;0.054616392173591266;0.9482778457552464;84.75;45.636;0.01173970094824708;;0.012277998089179025;0.008282682669245282;0.005405121534644542;0.016701333370214032;0.019509620107921653;0.03390416317339782;0.01750379228943522;0.03874081145715675;0.018898427028276724;0.00940578726231006;0.00940578726231004;0.009661989404174322;0.008614779072411455;0.0;0.0;0.9413014952587646;0.809311875838312
scyan;level_2;0.7985383638654048;;0.8110184773992946;0.6274368475943269;0.29534577110904214;0.7304866784614034;0.7276665271370524;0.9517941869799577;0.9754662777194437;0.6471005711742248;0.5112952260814041;0.13045932682868788;0.8695406731713121;0.05530412834691625;0.9476569526746252;84.75;45.636;0.011972113058719891;;0.013271340497706613;0.007781986765202947;0.004218870056562149;0.015330758462991652;0.01695808554668443;0.03410830969691514;0.01765428034661845;0.036677181398021855;0.017803318347863403;0.009205850355058685;0.009205850355058671;0.009446930254252665;0.008421456558735985;0.0;0.0;0.9401394347064005;0.8010719294486122
scyan;level_3;0.7494596220789821;0.8012947051760507;0.7493253003789694;0.5878655630252413;0.45802289988021266;0.6764817197174956;0.6738308609001175;0.9718745367577571;0.9858161606449584;0.6962484964559256;0.5427446664626225;0.1715761871891782;0.8284238128108218;0.12166718118869696;0.8934323690644314;84.75;45.636;0.006305585282195202;0.013552173301567829;0.015038624059352022;0.010445546259544324;0.003995320011250198;0.013393536961828375;0.014832092976993595;0.013773285585562442;0.007017193369789505;0.024049504600979557;0.004450036179930262;0.026126596627812984;0.02612659662781298;0.05871782228233931;0.04363096279090434;0.0;0.0;0.968472073589024;0.7843749259498302
stratified_default_StratifiedGroupKFold;level_1;0.37629407920617075;;0.3765268662421822;0.24980141087893593;0.16861857249661094;0.0006037681072538952;0.000599665767813673;0.9821071814956127;0.9909759744308468;6.73423828097451e-05;1.288908534096579e-05;0.0344159844927651;0.9655840155072349;0.005547910048243514;0.9945003020692642;0.0;0.048;0.0011848888155263696;;0.004161672699337623;0.0008467598777254434;0.004791089439044024;0.0019352274534735843;0.0019260607861021845;0.018981402151766635;0.009604660095903763;0.00024229446818393972;1.223439790472143e-05;0.015827933485243074;0.015827933485243063;0.004739472729940929;0.004668348637819502;0.0;0.0;0.9940755559223682;0.4412279827148882
stratified_default_StratifiedGroupKFold;level_2;0.30749739194791775;;0.3076521711920778;0.19937342021220075;0.14765885455244254;0.00033171417827496965;0.0003300014815910579;0.9807869736279237;0.9903378359591507;0.00013797065064996474;1.874802848048076e-05;0.051936184912822314;0.9480638150871776;0.011249252060113627;0.9888973361963052;0.0;0.048;0.001657905855417695;;0.00790973470476234;0.0006324523103028374;0.004530758913657173;0.001102136521259781;0.0010983354453237945;0.009362879549189133;0.004736071113012307;0.000431073415895815;1.382252523747633e-05;0.012475417968137555;0.012475417968137531;0.005273497721428969;0.005141679523876693;0.0;0.0;0.9917104707229115;0.4197953277747442
stratified_default_StratifiedGroupKFold;level_3;0.24498037901470435;0.2955493564358146;0.24498286106571854;0.07029486934341611;0.0352898004565534;0.00013275126483742024;0.00013192424790171576;0.9901730475975474;0.9950720614584997;0.00020276921248231082;0.00014299607236767454;0.09494057471149335;0.9050594252885066;0.03798134058478922;0.9635472893365208;0.0;0.048;0.0019473594213375088;0.008216548116664767;0.009978151886955004;0.0004567073553499266;0.0033076318102607037;0.000887270255527025;0.0008846873549428093;0.0047909054030960425;0.0024083454588341396;0.00099528061657455;2.2329257230117207e-05;0.017311236449905138;0.017311236449905135;0.013997344341785426;0.012869477315737923;0.0;0.0;0.9902632028933125;0.3929148740109356
tacit;level_1;0.7657541999193405;;0.7553821013001047;0.5749302558330359;0.3635745787421718;0.6287406427744375;0.6169692577875906;0.8163074687488981;0.9034973540353608;0.48249129923594863;0.42286844147670555;0.11602578146819464;0.8839742185318054;0.054819809450390625;0.9480292188682403;;663.492;0.0;;0.0;0.0;0.0;0.0;0.0;0.0;0.0;0.0;0.0;0.0;0.0;0.0;0.0;;0.0;1.0;0.7271191755149685
tacit;level_2;0.7199662821219729;;0.6936911119035171;0.5658769725401688;0.4109844243205535;0.5977695507896266;0.5836828697733789;0.7108565552896261;0.8431230961666427;0.4495130309986267;0.4183239883576221;0.16384078221403905;0.8361592177859609;0.11647696919528143;0.8956745437577329;;663.492;0.0;;0.0;0.0;0.0;0.0;0.0;0.0;0.0;0.0;0.0;0.0;0.0;0.0;0.0;;0.0;1.0;0.6849421632870621
tacit;level_3;0.6561325722711269;0.676506889920714;0.612613400945491;0.4757970000381607;0.44685484570872075;0.5289623803436788;0.5194988020329775;0.884568028257122;0.9405147676975212;0.5077468464537652;0.4427965980609221;0.26013235756650727;0.7398676424334927;0.38010853817911194;0.7245806922688707;;663.492;0.0;0.0;0.0;0.0;0.0;0.0;0.0;0.0;0.0;0.0;0.0;0.0;0.0;0.0;0.0;;0.0;1.0;0.6806481997822047
tribus;level_1;0.7348118644032396;;0.7461685619205239;0.5570644012040166;0.22430012799975357;0.5927674567505994;0.5846933007710771;0.9100357241780465;0.9533975237315472;0.39177198186819157;0.3351042065086598;0.1259443256654529;0.874055674334547;0.05811529823744164;0.9453071712906997;;163.08;0.030184417896916897;;0.0302170491399434;0.024526431892014623;0.02882555535889473;0.05255479337766755;0.052671805285132475;0.06882361633251453;0.036552802912370404;0.06261258383326998;0.046600692827113446;0.01808453281290104;0.018084532812901042;0.018638861473132342;0.016363053504054325;;0.0;0.8490779105154156;0.7021987472602952
tribus;level_2;0.6898649483666058;;0.6838360649903013;0.5318334490568697;0.2662996073324922;0.5599932809446246;0.5504544849129305;0.7960522947546752;0.8893311821362934;0.4132745355786124;0.33622896960008886;0.16376112248143807;0.836238877518562;0.11286198923970629;0.9001023827171902;;163.08;0.03991101553663346;;0.03673819093671831;0.03398055834127785;0.02209684446130473;0.06244059303147105;0.059846766914383905;0.13931370270227847;0.0801743664984185;0.059057834360907974;0.061256056548437285;0.03447707756728829;0.034477077567288295;0.05149103456810808;0.04106813506786611;;0.0;0.8004449223168327;0.6572316847841938
tribus;level_3;0.6117212982480937;0.6645198308887231;0.5765411172210062;0.3856031245761626;0.29682288906315907;0.46331356048537164;0.4556925848189886;0.8652203353044522;0.9297229613960841;0.49741570583323674;0.34612915504103364;0.28996579373539555;0.7100342062646045;0.5128894856695349;0.6650801741852023;;163.08;0.04039389600126136;0.037393949230583076;0.03918659463422648;0.0575403378722995;0.04884803462109778;0.05643094015334811;0.056487891214040443;0.058903712365333545;0.03231776518704024;0.049135710115159575;0.04156535247921195;0.0318784358558345;0.03187843585583443;0.1381653181232783;0.05613898295420749;;0.0;0.7980305199936932;0.6203623564307876
xgboost_default_StratifiedGroupKFold;level_1;0.947002161750983;;0.9467502990447366;0.907800012552042;0.9124718191720615;0.9157873851878205;0.914977481978784;0.9918277045485457;0.9959046953281921;0.8590367006263488;0.7840437640924641;0.022211328103062818;0.9777886718969372;0.0020220442707231034;0.9979824021898838;4.16;2.376;0.004127803448503263;;0.004270814432405307;0.0064354199010952925;0.004547812317279559;0.006629789469175918;0.006883741144626351;0.0027653155137717556;0.0013885117061241423;0.01178944510730143;0.012027313376187638;0.003910291298642829;0.0039102912986428125;0.0006784361641026753;0.0006757978070214968;0.0;0.0;0.9793609827574837;0.9398274915305485
xgboost_default_StratifiedGroupKFold;level_2;0.9388188245283869;;0.9382694266112139;0.9050502962231111;0.9143196402075084;0.9122308901212343;0.9116070240214285;0.9958583309245057;0.9979266687764252;0.8626510261377047;0.7883600125377508;0.02267548592487929;0.9773245140751208;0.0020982161837757155;0.9979064909792286;4.16;2.376;0.004022361794942066;;0.004159341502917552;0.005809424838660874;0.004135661922491627;0.005957721213006772;0.006161110640334445;0.0018595086267457444;0.000931845811160779;0.010950605914206072;0.01050326269394713;0.0035312872532560773;0.0035312872532560725;0.0006283034063256989;0.000625749647674658;0.0;0.0;0.9798881910252897;0.9380334087077
xgboost_default_StratifiedGroupKFold;level_3;0.9258012030540324;0.9360423725819601;0.9247375936375747;0.8833794412193392;0.904464190494218;0.9019919789777987;0.9014700239802819;0.9991033455768612;0.9995515639731984;0.8733857666451541;0.8030338640713536;0.026183870721997245;0.9738161292780028;0.0028002124784599724;0.9972078893148572;4.16;2.376;0.0036245148090930236;0.004076235655349741;0.0037936375036990897;0.005644538622344511;0.003461167048648098;0.005069799457229217;0.005228328205958927;0.00028740374116343633;0.00014376888762959963;0.010562430627385854;0.006438791003907013;0.002845102308555088;0.0028451023085550517;0.000596735179326228;0.0005934168992797776;0.0;0.0;0.9818774259545349;0.9323664825576417
