,cell_type,abundance_pct,dataset,abundance_bin
0,Cancer,35.41392904073587,Breast_Jun0524,abundant
1,Macrophage,15.847568988173455,Breast_Jun0524,common
2,Fibroblast,12.457293035479632,Breast_Jun0524,common
3,CD4+_T_cell,9.408672798948752,Breast_Jun0524,common
4,CD8+_T_cell,9.145860709592641,Breast_Jun0524,common
5,Endothelial,7.516425755584757,Breast_Jun0524,common
6,Monocyte,3.337713534822602,Breast_Jun0524,rare
7,undefined,2.102496714848883,Breast_Jun0524,rare
8,B_cell,1.5637319316688567,Breast_Jun0524,rare
9,Plasma_cell,1.064388961892247,Breast_Jun0524,rare
10,Neutrophil,0.7490144546649146,Breast_Jun0524,ultra_rare
11,Mast_cell,0.683311432325887,Breast_Jun0524,ultra_rare
12,T_cell,0.6307490144546649,Breast_Jun0524,ultra_rare
13,APC,0.07884362680683311,Breast_Jun0524,ultra_rare
14,Cancer,32.41516966067864,CRC_Feb2623,abundant
15,Macrophage,25.22954091816367,CRC_Feb2623,abundant
16,CD8+_T_cell,15.728542914171657,CRC_Feb2623,common
17,CD4+_T_cell,4.431137724550898,CRC_Feb2623,rare
18,Neutrophil,4.07185628742515,CRC_Feb2623,rare
19,undefined,4.031936127744511,CRC_Feb2623,rare
20,Endothelial,2.874251497005988,CRC_Feb2623,rare
21,B_cell,2.19560878243513,CRC_Feb2623,rare
22,Treg,2.19560878243513,CRC_Feb2623,rare
23,Fibroblast,1.9161676646706587,CRC_Feb2623,rare
24,VSMC,1.7564870259481038,CRC_Feb2623,rare
25,T_cell,1.157684630738523,CRC_Feb2623,rare
26,Lymphatic,0.9580838323353293,CRC_Feb2623,ultra_rare
27,Plasma_cell,0.43912175648702595,CRC_Feb2623,ultra_rare
28,Neuronal,0.27944111776447106,CRC_Feb2623,ultra_rare
29,Stromal,0.23952095808383234,CRC_Feb2623,ultra_rare
30,Dendritic_cell,0.07984031936127745,CRC_Feb2623,ultra_rare
31,Epithelial,20.28985507246377,GVHD_Feb1323,abundant
32,Fibroblast,19.39799331103679,GVHD_Feb1323,common
33,Macrophage,17.112597547380158,GVHD_Feb1323,common
34,CD4+_T_cell,11.705685618729097,GVHD_Feb1323,common
35,CD8+_T_cell,5.128205128205128,GVHD_Feb1323,common
36,undefined,4.9052396878483835,GVHD_Feb1323,rare
37,Plasma_cell,4.570791527313267,GVHD_Feb1323,rare
38,Goblet_cell,3.9576365663322184,GVHD_Feb1323,rare
39,Treg,2.508361204013378,GVHD_Feb1323,rare
40,Paneth_cell,2.1739130434782608,GVHD_Feb1323,rare
41,Endothelial,1.839464882943144,GVHD_Feb1323,rare
42,Mast_cell,1.6164994425863992,GVHD_Feb1323,rare
43,Endocrine_cell,1.3935340022296545,GVHD_Feb1323,rare
44,Neuronal,1.1705685618729096,GVHD_Feb1323,rare
45,Neutrophil,1.1148272017837235,GVHD_Feb1323,rare
46,B_cell,0.6688963210702341,GVHD_Feb1323,ultra_rare
47,T_cell,0.4459308807134894,GVHD_Feb1323,ultra_rare
48,Cancer,46.12670279162665,IMMUcan,abundant
49,Stroma,10.965901508804093,IMMUcan,common
50,CD8+_T_cell,7.846350059175222,IMMUcan,common
51,M2_Macrophage,7.4121067472878925,IMMUcan,common
52,CD4+_T_cell,5.651069638626435,IMMUcan,common
53,undefined,4.1273897054802156,IMMUcan,rare
54,Plasma_cell,3.9315973809768616,IMMUcan,rare
55,Neutrophil,3.2208384286736216,IMMUcan,rare
56,BnT,2.952635758460088,IMMUcan,rare
57,Treg,2.3646024978287836,IMMUcan,rare
58,Dendritic_cell,2.2090624500948333,IMMUcan,rare
59,B_cell,1.8076334942695196,IMMUcan,rare
60,NK_cell,0.7464172192239623,IMMUcan,ultra_rare
61,Plasmacytoid_dendritic_cell,0.6376923194718201,IMMUcan,ultra_rare
62,Cancer,28.565365025466892,Melanoma_Oct2522,abundant
63,Myeloid,25.669684965100924,Melanoma_Oct2522,abundant
64,CD8+_T_cell,13.063572910771553,Melanoma_Oct2522,common
65,CD4+_T_cell,6.993963403131484,Melanoma_Oct2522,common
66,Neutrophil,5.541407281644973,Melanoma_Oct2522,common
67,B_cell,4.975476325221656,Melanoma_Oct2522,rare
68,undefined,3.7823052254291647,Melanoma_Oct2522,rare
69,NK_T_cell,2.631578947368421,Melanoma_Oct2522,rare
70,Endothelial,1.7779664214299191,Melanoma_Oct2522,rare
71,VSMC,1.334653838898321,Melanoma_Oct2522,rare
72,Macrophage,1.2639124693454065,Melanoma_Oct2522,rare
73,Treg,1.1978871910960196,Melanoma_Oct2522,rare
74,Fibroblast,0.7970194302961706,Melanoma_Oct2522,ultra_rare
75,Myofibroblasts,0.7404263346538389,Melanoma_Oct2522,ultra_rare
76,Epithelial,0.7168458781362007,Melanoma_Oct2522,ultra_rare
77,T_cell,0.622524052065648,Melanoma_Oct2522,ultra_rare
78,NK_cell,0.21222410865874364,Melanoma_Oct2522,ultra_rare
79,Neuronal,0.11318619128466327,Melanoma_Oct2522,ultra_rare
80,CD4+_T_cell,27.381571910820888,cHL_1_MIBI,abundant
81,CD8+_T_cell,15.213614611585571,cHL_1_MIBI,common
82,M2_Macrophage,13.371835724461972,cHL_1_MIBI,common
83,B_cell,12.208380019079524,cHL_1_MIBI,common
84,undefined,7.870153839888901,cHL_1_MIBI,common
85,Dendritic_cell,6.777902006943126,cHL_1_MIBI,common
86,Cytotoxic_CD4+_T_cell,4.210250842439424,cHL_1_MIBI,rare
87,Treg,3.788477189309478,cHL_1_MIBI,rare
88,Cancer,3.4683891336542794,cHL_1_MIBI,rare
89,NK_cell,1.7591967676196647,cHL_1_MIBI,rare
90,Endothelial,1.4528224939560548,cHL_1_MIBI,rare
91,Neutrophil,1.1072830961767293,cHL_1_MIBI,rare
92,M1_Macrophage,0.8034838994809723,cHL_1_MIBI,ultra_rare
93,Cytotoxic_CD8+_T_cell,0.5866384645834094,cHL_1_MIBI,ultra_rare
94,CD4+_T_cell,23.74820801337439,cHL_2_MIBI,abundant
95,Treg,17.307883874935577,cHL_2_MIBI,common
96,B_cell,10.450476202850721,cHL_2_MIBI,common
97,M2_Macrophage,10.275933457202377,cHL_2_MIBI,common
98,Dendritic_cell,8.585943895118433,cHL_2_MIBI,common
99,Neutrophil,7.29051622208074,cHL_2_MIBI,common
100,undefined,6.824924530835164,cHL_2_MIBI,common
101,CD8+_T_cell,5.682384175946018,cHL_2_MIBI,common
102,Cancer,3.075936922070779,cHL_2_MIBI,rare
103,Endothelial,2.5159275669260985,cHL_2_MIBI,rare
104,M1_Macrophage,2.126129871929802,cHL_2_MIBI,rare
105,NK_cell,2.1157352667299003,cHL_2_MIBI,rare
106,CD4+_T_cell,25.819607194769944,cHL_CODEX,abundant
107,CD8+_T_cell,11.837890342447352,cHL_CODEX,common
108,B_cell,11.157266758977963,cHL_CODEX,common
109,Dendritic_cell,6.638835499893222,cHL_CODEX,common
110,Endothelial,5.996789771357321,cHL_CODEX,common
111,Cancer,5.690233602689427,cHL_CODEX,common
112,NK_cell,5.05576566708689,cHL_CODEX,common
113,M2_Macrophage,5.019254482953411,cHL_CODEX,common
114,Monocyte,4.762298413485716,cHL_CODEX,rare
115,undefined,4.504653453751352,cHL_CODEX,rare
116,Lymphatic,2.595738524810383,cHL_CODEX,rare
117,Neutrophil,2.3711602978761515,cHL_CODEX,rare
118,Treg,2.3091601738759033,cHL_CODEX,rare
119,Mast_cell,2.2898712464091595,cHL_CODEX,rare
120,M1_Macrophage,2.1362487169418785,cHL_CODEX,rare
121,Epithelial,1.5506919902728695,cHL_CODEX,rare
122,Cytotoxic_CD8+_T_cell,0.26453386240105814,cHL_CODEX,ultra_rare
123,Cancer,31.369066396267737,cycif_ovca,abundant
124,undefined,18.717291409801692,cycif_ovca,common
125,M2_Macrophage,11.466233092603714,cycif_ovca,common
126,VSMC,8.679827657234263,cycif_ovca,common
127,Fibroblast,7.166327144935996,cycif_ovca,common
128,CD8+_T_cell,5.749145286179718,cycif_ovca,common
129,Myofibroblasts,4.8334418365097775,cycif_ovca,rare
130,M1_Macrophage,4.481686844845819,cycif_ovca,rare
131,CD4+_T_cell,3.533925915420159,cycif_ovca,rare
132,Endothelial,1.9960807263632745,cycif_ovca,rare
133,Treg,1.6992291948966831,cycif_ovca,rare
134,B_cell,0.30774449494116884,cycif_ovca,ultra_rare
135,Fibroblast,31.235149359340586,feto_maternal,abundant
136,Macrophage,13.971159727787882,feto_maternal,common
137,Myofibroblasts,12.798854948733116,feto_maternal,common
138,NK_cell,12.102981937987156,feto_maternal,common
139,undefined,7.756147685773061,feto_maternal,common
140,EVT1a,5.165247128792023,feto_maternal,common
141,EVT2,4.748369331521816,feto_maternal,rare
142,EVT1b,4.085200535380105,feto_maternal,rare
143,Endothelial,3.9245057525098463,feto_maternal,rare
144,CD8+_T_cell,1.206220260866581,feto_maternal,rare
145,EVT1c,0.8026664028795859,feto_maternal,ultra_rare
146,NK_T_cell,0.653478658481192,feto_maternal,ultra_rare
147,muscle,0.6292533143298967,feto_maternal,ultra_rare
148,CD4+_T_cell,0.38901865149621784,feto_maternal,ultra_rare
149,Dendritic_cell,0.37650222368471525,feto_maternal,ultra_rare
150,Mast_cell,0.13768070592652856,feto_maternal,ultra_rare
151,Treg,0.01756337450968913,feto_maternal,ultra_rare
152,Mature Myeloid,21.992724401455117,healthy_bone_marrow,abundant
153,Erythroid,20.433264713347057,healthy_bone_marrow,abundant
154,undefined,9.854657229068554,healthy_bone_marrow,common
155,Intermediate Myeloid,8.818589436282112,healthy_bone_marrow,common
156,B_cells,6.5467978906404225,healthy_bone_marrow,common
157,Early Myeloid Progenitor,6.509122698175461,healthy_bone_marrow,common
158,CD4+_T_cell,3.6124192775161448,healthy_bone_marrow,rare
159,Monocyte,3.5872648825470232,healthy_bone_marrow,rare
160,CD8+_T_cell,3.1066241786751645,healthy_bone_marrow,rare
161,Plasma_cell,2.9816418036716392,healthy_bone_marrow,rare
162,Macrophage,2.3374411325117737,healthy_bone_marrow,rare
163,Adipocyte,2.0121259975748007,healthy_bone_marrow,rare
164,SEC,1.876991624601675,healthy_bone_marrow,rare
165,Erythroblast,1.1047629790474043,healthy_bone_marrow,rare
166,Stem_progenitors,1.0074165985166803,healthy_bone_marrow,rare
167,Immature_B_cell,0.7328614534277093,healthy_bone_marrow,ultra_rare
168,AEC,0.6401398719720256,healthy_bone_marrow,ultra_rare
169,Plasmacytoid_dendritic_cell,0.5862214827557034,healthy_bone_marrow,ultra_rare
170,Adipo-MSC,0.5764078847184231,healthy_bone_marrow,ultra_rare
171,Non-classical_Monocyte,0.49485350102929976,healthy_bone_marrow,ultra_rare
172,THY1+ MSC,0.4633823073235385,healthy_bone_marrow,ultra_rare
173,GATA1neg_Mks,0.34911593017681397,healthy_bone_marrow,ultra_rare
174,VSMC,0.2616959476608105,healthy_bone_marrow,ultra_rare
175,GATA1pos_Mks,0.10783677843264432,healthy_bone_marrow,ultra_rare
176,Schwann Cells,0.005639998872000226,healthy_bone_marrow,ultra_rare
177,Plasma_cell,59.229973686622074,myeloma_IMC,abundant
178,undefined,10.869650594996532,myeloma_IMC,common
179,Neutrophil,7.770955790906829,myeloma_IMC,common
180,Macrophage,6.95799023394033,myeloma_IMC,common
181,CD8+_T_cell,5.006087423252648,myeloma_IMC,common
182,CD4+_T_cell,3.11964077657193,myeloma_IMC,rare
183,Endothelial,2.8054511893384997,myeloma_IMC,rare
184,HSCs,1.3588699647845837,myeloma_IMC,rare
185,Adipocyte,1.1638105960438294,myeloma_IMC,rare
186,Dendritic_cell,0.6244518046264417,myeloma_IMC,ultra_rare
187,Osteoblast,0.5511409009386413,myeloma_IMC,ultra_rare
188,Osteocyte,0.30895309411287264,myeloma_IMC,ultra_rare
189,Osteoclast,0.23302394386479375,myeloma_IMC,ultra_rare
