,dataset,level,method,class_label,precision,recall,f1,support
0,IMMUcan,level3,,B_cell,0.08715083798882681,0.0037758683286941595,0.00723813942698062,41315
1,IMMUcan,level3,,BnT,0.41626565462994086,0.8497147514262429,0.5585434795229302,67485
2,IMMUcan,level3,,CD4+_T_cell,0.4837138323303444,0.24862186435428923,0.3272425608410715,129160
3,IMMUcan,level3,,CD8+_T_cell,0.5131903276783977,0.6113865112777763,0.551277675746018,179335
4,IMMUcan,level3,,Cancer,0.8250085353389685,0.9317619384120691,0.8750309621374146,1054265
5,IMMUcan,level3,,Dendritic_cell,0.2955653628079027,0.0490196078431372,0.08378683349301856,50490
6,IMMUcan,level3,,M2_Macrophage,0.5655514762541575,0.40206009090372463,0.46830702686852543,169410
7,IMMUcan,level3,,NK_cell,0.6289988778228535,0.537221570926143,0.5621317260444438,17060
8,IMMUcan,level3,,Neutrophil,0.6350000969234195,0.7145826258235414,0.6708906431284325,73615
9,IMMUcan,level3,,Plasma_cell,0.6492831302797019,0.7056643667927888,0.6758691101177098,89860
10,IMMUcan,level3,,Plasmacytoid_dendritic_cell,0.6304667951707302,0.5127958833619211,0.5611781333291287,14575
11,IMMUcan,level3,,Stroma,0.6237441487504132,0.7162686775590001,0.6644339610583105,250635
12,IMMUcan,level3,,Treg,0.7966259379897289,0.7947266167082987,0.7954850250552105,54045
13,IMMUcan,level3,,undefined,0.04568472638170432,0.0088938357979541,0.014889086069210281,94335
14,IMMUcan,level3,,B_cell,0.0,0.0,0.0,41315
15,IMMUcan,level3,,BnT,0.3902766586086489,0.8612284211306216,0.5371410087567293,67485
16,IMMUcan,level3,,CD4+_T_cell,0.5241303951921326,0.11141220192009911,0.1837627302621077,129160
17,IMMUcan,level3,,CD8+_T_cell,0.558700808151792,0.7093149691917361,0.6250629583676277,179335
18,IMMUcan,level3,,Cancer,0.8605041865002303,0.903653256059909,0.8815510353267217,1054265
19,IMMUcan,level3,,Dendritic_cell,0.0,0.0,0.0,50490
20,IMMUcan,level3,,M2_Macrophage,0.3809796993363495,0.8624048167168408,0.5284909431266335,169410
21,IMMUcan,level3,,NK_cell,0.0,0.0,0.0,17060
22,IMMUcan,level3,,Neutrophil,0.7350155394405802,0.6746586972763703,0.703544994156603,73615
23,IMMUcan,level3,,Plasma_cell,0.6521195057093696,0.4639439127531716,0.5421678912803173,89860
24,IMMUcan,level3,,Plasmacytoid_dendritic_cell,0.0,0.0,0.0,14575
25,IMMUcan,level3,,Stroma,0.6789314418981169,0.7027151036367626,0.6906185668071758,250635
26,IMMUcan,level3,,Treg,0.0,0.0,0.0,54045
27,IMMUcan,level3,,undefined,0.0,0.0,0.0,94335
28,IMMUcan,level3,Astir,B_cell,0.8581275349769021,0.6215902214692001,0.7209372178877218,41315
29,IMMUcan,level3,Astir,BnT,0.7906932103852379,0.7101874490627547,0.7482605680576631,67485
30,IMMUcan,level3,Astir,CD4+_T_cell,0.8663524345280432,0.5434344998451532,0.6678807801174835,129160
31,IMMUcan,level3,Astir,CD8+_T_cell,0.8647213844818168,0.8295703571528146,0.8467705622629698,179335
32,IMMUcan,level3,Astir,Cancer,0.9749260075115451,0.6290097840675731,0.7638892923653458,1054265
33,IMMUcan,level3,Astir,Dendritic_cell,0.1509893330779204,0.24945533769063175,0.12666712295947855,50490
34,IMMUcan,level3,Astir,M2_Macrophage,0.5786365735588255,0.46299510064340943,0.5143387491463607,169410
35,IMMUcan,level3,Astir,NK_cell,0.0,0.0,0.0,17060
36,IMMUcan,level3,Astir,Neutrophil,0.8251421553218915,0.8343544114650546,0.8297037734095625,73615
37,IMMUcan,level3,Astir,Plasma_cell,0.8379601347522451,0.35891386601379927,0.5024494405342079,89860
38,IMMUcan,level3,Astir,Plasmacytoid_dendritic_cell,0.0,0.0,0.0,14575
39,IMMUcan,level3,Astir,Stroma,0.5642546547849521,0.23754862648871863,0.334095476406965,250635
40,IMMUcan,level3,Astir,Treg,0.8598756945382355,0.775205846979369,0.8153194644448435,54045
41,IMMUcan,level3,Astir,Unknown,0.0,0.0,0.0,0
42,IMMUcan,level3,Astir,undefined,0.0,0.0,0.0,94335
43,IMMUcan,level3,CellLENS_Full,B_cell,0.14287217254076803,0.06573883577393198,0.09004558640696228,41315
44,IMMUcan,level3,CellLENS_Full,BnT,0.45328672868250497,0.6449285026302142,0.5276229865495999,67485
45,IMMUcan,level3,CellLENS_Full,CD4+_T_cell,0.10338024794903884,0.06519820377825952,0.07989560537524121,129160
46,IMMUcan,level3,CellLENS_Full,CD8+_T_cell,0.33095426995422944,0.6221819499818775,0.4314905316653673,179335
47,IMMUcan,level3,CellLENS_Full,Cancer,0.8353682127394796,0.9205010125537697,0.8751475899271224,1054265
48,IMMUcan,level3,CellLENS_Full,Dendritic_cell,0.0,0.0,0.0,50490
49,IMMUcan,level3,CellLENS_Full,M2_Macrophage,0.4014620114354779,0.10054306121244314,0.11799235122287818,169410
50,IMMUcan,level3,CellLENS_Full,NK_cell,0.7206847734224058,0.34624853458382177,0.46408752054074337,17060
51,IMMUcan,level3,CellLENS_Full,Neutrophil,0.5975167026772134,0.8023364803368878,0.6784164304627219,73615
52,IMMUcan,level3,CellLENS_Full,Plasma_cell,0.6760830139247153,0.37848876029379036,0.42665163745767176,89860
53,IMMUcan,level3,CellLENS_Full,Plasmacytoid_dendritic_cell,0.32956804836053866,0.0950943396226415,0.14426837900697745,14575
54,IMMUcan,level3,CellLENS_Full,Stroma,0.4409395396137931,0.7101242843178327,0.5380463881084012,250635
55,IMMUcan,level3,CellLENS_Full,Treg,0.15254190331070785,0.10187806457581645,0.12216552030175283,54045
56,IMMUcan,level3,CellLENS_Full,undefined,0.12036709793513185,0.005936290878253,0.01131456027281494,94335
57,IMMUcan,level3,CellSighter,B_cell,0.7359035722364571,0.7052886692192576,0.710518855241976,33052
58,IMMUcan,level3,CellSighter,BnT,0.7483257859532947,0.7638503780832082,0.7520339415577044,53988
59,IMMUcan,level3,CellSighter,CD4+_T_cell,0.720590048871973,0.7392447411061644,0.7291471672812198,103328
60,IMMUcan,level3,CellSighter,CD8+_T_cell,0.8264095093320935,0.8388469344482642,0.8305683687569241,143468
61,IMMUcan,level3,CellSighter,Cancer,0.9543213450736616,0.9079351430254958,0.93040880175844,843412
62,IMMUcan,level3,CellSighter,Dendritic_cell,0.5016113608527127,0.47432649835879986,0.4847254609189102,40392
63,IMMUcan,level3,CellSighter,M2_Macrophage,0.7291664055974484,0.752573691686881,0.7375874493553433,135528
64,IMMUcan,level3,CellSighter,NK_cell,0.6190157183054101,0.5019059551639761,0.5470679803911749,13648
65,IMMUcan,level3,CellSighter,Neutrophil,0.758465316330456,0.8352954634093738,0.7944578236893645,58892
66,IMMUcan,level3,CellSighter,Plasma_cell,0.7405256600106837,0.8087569864424715,0.7711213757824668,71888
67,IMMUcan,level3,CellSighter,Plasmacytoid_dendritic_cell,0.5995439997600711,0.6363827351152747,0.6168857585479826,11660
68,IMMUcan,level3,CellSighter,Stroma,0.7870814754159253,0.8534774807365096,0.8187046062669852,200508
69,IMMUcan,level3,CellSighter,Treg,0.7859897534125893,0.8428044759590779,0.8128012407528271,43236
70,IMMUcan,level3,CellSighter,undefined,0.4811755318960559,0.47842435171584585,0.4779847977581805,75468
71,IMMUcan,level3,Deepcelltypes,B_cell,0.0,0.0,0.0,41315
72,IMMUcan,level3,Deepcelltypes,B_cells,0.0,0.0,0.0,0
73,IMMUcan,level3,Deepcelltypes,Blood,0.0,0.0,0.0,0
74,IMMUcan,level3,Deepcelltypes,BnT,0.0,0.0,0.0,67485
75,IMMUcan,level3,Deepcelltypes,CD4+_T_cell,0.1481878409976617,0.05888045834623721,0.0842752659574468,129160
76,IMMUcan,level3,Deepcelltypes,CD8+_T_cell,0.1862973659487108,0.149273705634706,0.1657431198340711,179335
77,IMMUcan,level3,Deepcelltypes,Cancer,0.5919062675042474,0.6064082559887695,0.599069510298169,1054265
78,IMMUcan,level3,Deepcelltypes,Dendritic_cell,0.0492526341582945,0.0199049316696375,0.0283517878552789,50490
79,IMMUcan,level3,Deepcelltypes,Endothelial,0.0,0.0,0.0,0
80,IMMUcan,level3,Deepcelltypes,Epithelial,0.0,0.0,0.0,0
81,IMMUcan,level3,Deepcelltypes,Fibroblast,0.0,0.0,0.0,0
82,IMMUcan,level3,Deepcelltypes,Glial,0.0,0.0,0.0,0
83,IMMUcan,level3,Deepcelltypes,HSEC,0.0,0.0,0.0,0
84,IMMUcan,level3,Deepcelltypes,Langerhans,0.0,0.0,0.0,0
85,IMMUcan,level3,Deepcelltypes,Lymphatic,0.0,0.0,0.0,0
86,IMMUcan,level3,Deepcelltypes,M2_Macrophage,0.0,0.0,0.0,169410
87,IMMUcan,level3,Deepcelltypes,Macrophage,0.0,0.0,0.0,0
88,IMMUcan,level3,Deepcelltypes,Melanocyte,0.0,0.0,0.0,0
89,IMMUcan,level3,Deepcelltypes,Mesangial,0.0,0.0,0.0,0
90,IMMUcan,level3,Deepcelltypes,Microglial,0.0,0.0,0.0,0
91,IMMUcan,level3,Deepcelltypes,Monocyte,0.0,0.0,0.0,0
92,IMMUcan,level3,Deepcelltypes,Myofibroblasts,0.0,0.0,0.0,0
93,IMMUcan,level3,Deepcelltypes,NKT,0.0,0.0,0.0,0
94,IMMUcan,level3,Deepcelltypes,NK_cell,0.0105568751649511,0.0117233294255568,0.0111095681155395,17060
95,IMMUcan,level3,Deepcelltypes,Neuronal,0.0,0.0,0.0,0
96,IMMUcan,level3,Deepcelltypes,Neutrophil,0.0817961491854046,0.3300957685254364,0.1311050863917776,73615
97,IMMUcan,level3,Deepcelltypes,Pericyte,0.0,0.0,0.0,0
98,IMMUcan,level3,Deepcelltypes,Plasma_cell,0.1751457642620327,0.0852437124415757,0.1146749504098207,89860
99,IMMUcan,level3,Deepcelltypes,Plasmacytoid_dendritic_cell,0.0,0.0,0.0,14575
100,IMMUcan,level3,Deepcelltypes,Stellate,0.0,0.0,0.0,0
101,IMMUcan,level3,Deepcelltypes,Stroma,0.0,0.0,0.0,250635
102,IMMUcan,level3,Deepcelltypes,Stromal,0.0,0.0,0.0,0
103,IMMUcan,level3,Deepcelltypes,Tcell,0.0,0.0,0.0,0
104,IMMUcan,level3,Deepcelltypes,Thrombocyte,0.0,0.0,0.0,0
105,IMMUcan,level3,Deepcelltypes,Treg,0.1078569417065615,0.0708668702007586,0.0855340293674278,54045
106,IMMUcan,level3,Deepcelltypes,muscle,0.0,0.0,0.0,0
107,IMMUcan,level3,Deepcelltypes,undefined,0.0,0.0,0.0,94335
108,IMMUcan,level3,Deepcelltypes_adapted,B_cell,0.1299689878770792,0.0557908749848723,0.0780694326841659,41315
109,IMMUcan,level3,Deepcelltypes_adapted,CD4+_T_cell,0.189863937086506,0.05888045834623721,0.0898856484354223,129160
110,IMMUcan,level3,Deepcelltypes_adapted,CD8+_T_cell,0.2321769297484822,0.149273705634706,0.1817163609211397,179335
111,IMMUcan,level3,Deepcelltypes_adapted,Cancer,0.6983843481680541,0.6064082559887695,0.6491545602469431,1054265
112,IMMUcan,level3,Deepcelltypes_adapted,Dendritic_cell,0.0613365883429966,0.0199049316696375,0.0300560747663551,50490
113,IMMUcan,level3,Deepcelltypes_adapted,M2_Macrophage,0.0,0.0,0.0,169410
114,IMMUcan,level3,Deepcelltypes_adapted,Macrophage,0.0,0.0,0.0,0
115,IMMUcan,level3,Deepcelltypes_adapted,NK_cell,0.013413816230717602,0.0117233294255568,0.0125117297466374,17060
116,IMMUcan,level3,Deepcelltypes_adapted,Neutrophil,0.1045228724433834,0.3300957685254364,0.1587716432538386,73615
117,IMMUcan,level3,Deepcelltypes_adapted,Other,0.0,0.0,0.0,0
118,IMMUcan,level3,Deepcelltypes_adapted,Plasma_cell,0.2114853672004417,0.0852437124415757,0.1215101522842639,89860
119,IMMUcan,level3,Deepcelltypes_adapted,Treg,0.1341036414565826,0.0708668702007586,0.0927304642576115,54045
120,IMMUcan,level3,FlowSOM,B_cell,0.69343827271916,0.6763685505667837,0.6822687028404385,49578
121,IMMUcan,level3,FlowSOM,BnT,0.6641396481184866,0.6119384554592379,0.6353625865368467,80982
122,IMMUcan,level3,FlowSOM,CD4+_T_cell,0.6628024096617608,0.42738980076391037,0.5082718291662683,154992
123,IMMUcan,level3,FlowSOM,CD8+_T_cell,0.6333015979470648,0.8163539372310668,0.7110667888055016,215202
124,IMMUcan,level3,FlowSOM,Cancer,0.889600238856794,0.9463646869303891,0.9170284431255756,1265118
125,IMMUcan,level3,FlowSOM,Dendritic_cell,0.157428565288653,0.07722651350102329,0.10183813398391205,60588
126,IMMUcan,level3,FlowSOM,M2_Macrophage,0.5316517089210416,0.7478405446353028,0.6191375865185634,203292
127,IMMUcan,level3,FlowSOM,NK_cell,0.4716762541744226,0.31521101992966,0.3777590661378001,20472
128,IMMUcan,level3,FlowSOM,Neutrophil,0.7012849086507758,0.7237089361316761,0.708978489264883,88338
129,IMMUcan,level3,FlowSOM,Plasma_cell,0.6296062963844599,0.7005898063654573,0.6615494348205702,107832
130,IMMUcan,level3,FlowSOM,Plasmacytoid_dendritic_cell,0.13259911894273127,0.0516295025728988,0.07432098765432098,17490
131,IMMUcan,level3,FlowSOM,Stroma,0.740802508146047,0.7006436983395509,0.7179338660621007,300762
132,IMMUcan,level3,FlowSOM,Treg,0.8524706353934182,0.32790575754772255,0.46962017759614055,64854
133,IMMUcan,level3,FlowSOM,undefined,0.37649055611562193,0.1654299394003639,0.2286329383632477,113202
134,IMMUcan,level3,FlowSOM Meta Clusters,B_cell,0.8097668201754756,0.4224050990358627,0.5474604092133248,49578
135,IMMUcan,level3,FlowSOM Meta Clusters,BnT,0.0,0.0,0.0,80982
136,IMMUcan,level3,FlowSOM Meta Clusters,CD4+_T_cell,0.13957759412304868,0.013729740889852368,0.025000293706458013,154992
137,IMMUcan,level3,FlowSOM Meta Clusters,CD8+_T_cell,0.433265739848626,0.5585357013410656,0.32195064595504763,215202
138,IMMUcan,level3,FlowSOM Meta Clusters,Cancer,0.7898022095427892,0.9319929050096513,0.8548688368025367,1265118
139,IMMUcan,level3,FlowSOM Meta Clusters,Dendritic_cell,0.0,0.0,0.0,60588
140,IMMUcan,level3,FlowSOM Meta Clusters,M2_Macrophage,0.12720245791084703,0.3787360053519076,0.1820625299514238,203292
141,IMMUcan,level3,FlowSOM Meta Clusters,NK_cell,0.0,0.0,0.0,20472
142,IMMUcan,level3,FlowSOM Meta Clusters,Neutrophil,0.13766723598064332,0.0875953723199529,0.10706626264303405,88338
143,IMMUcan,level3,FlowSOM Meta Clusters,Plasma_cell,0.4226915736178151,0.1323725795682172,0.20131297076780755,107832
144,IMMUcan,level3,FlowSOM Meta Clusters,Plasmacytoid_dendritic_cell,0.0,0.0,0.0,17490
145,IMMUcan,level3,FlowSOM Meta Clusters,Stroma,0.6574852690442574,0.5587773721414274,0.5929945749698066,300762
146,IMMUcan,level3,FlowSOM Meta Clusters,Treg,0.0,0.0,0.0,64854
147,IMMUcan,level3,FlowSOM Meta Clusters,undefined,0.0,0.0,0.0,113202
148,IMMUcan,level3,Leiden,B_cell,0.422089981272512,0.12908144741619265,0.1824427531295158,41315
149,IMMUcan,level3,Leiden,BnT,0.21200714231724974,0.3050455656812625,0.22885764890954716,67485
150,IMMUcan,level3,Leiden,CD4+_T_cell,0.0,0.0,0.0,129160
151,IMMUcan,level3,Leiden,CD8+_T_cell,0.31890477546707535,0.6321576937017314,0.4230210871898997,179335
152,IMMUcan,level3,Leiden,Cancer,0.7953934964739815,0.9390447373288499,0.8609048401170158,1054265
153,IMMUcan,level3,Leiden,Dendritic_cell,0.0,0.0,0.0,50490
154,IMMUcan,level3,Leiden,M2_Macrophage,0.32580483672292937,0.16929343013989726,0.18329628930375746,169410
155,IMMUcan,level3,Leiden,NK_cell,0.45063655527612545,0.28499413833528714,0.3404738275410931,17060
156,IMMUcan,level3,Leiden,Neutrophil,0.5153927387160605,0.6708958771989405,0.5825616249310173,73615
157,IMMUcan,level3,Leiden,Plasma_cell,0.6907824857471987,0.5583797017582907,0.6089319036998926,89860
158,IMMUcan,level3,Leiden,Plasmacytoid_dendritic_cell,0.17976190476190476,0.041440823327615776,0.0673543350989685,14575
159,IMMUcan,level3,Leiden,Stroma,0.5300747470954411,0.7399565104634229,0.6164821545808481,250635
160,IMMUcan,level3,Leiden,Treg,0.0,0.0,0.0,54045
161,IMMUcan,level3,Leiden,undefined,0.0,0.0,0.0,94335
162,IMMUcan,level3,,B_cell,0.0,0.0,0.0,41315
163,IMMUcan,level3,,BnT,0.3762949854824799,0.7714603245165592,0.5034972290763878,67485
164,IMMUcan,level3,,CD4+_T_cell,0.4513429449763319,0.2655930628677609,0.33356743078304846,129160
165,IMMUcan,level3,,CD8+_T_cell,0.5147142144635444,0.5446622243287702,0.5177271809568473,179335
166,IMMUcan,level3,,Cancer,0.7742283989232688,0.9530222477270895,0.8542369174102861,1054265
167,IMMUcan,level3,,Dendritic_cell,0.0,0.0,0.0,50490
168,IMMUcan,level3,,M2_Macrophage,0.5372151798336197,0.3256419337701434,0.38736139631727146,169410
169,IMMUcan,level3,,NK_cell,0.460473674084092,0.32039859320046893,0.3681121658889984,17060
170,IMMUcan,level3,,Neutrophil,0.546403114042117,0.6042654350336208,0.5725652023043809,73615
171,IMMUcan,level3,,Plasma_cell,0.6110902851469977,0.6515023369686179,0.6301968480010629,89860
172,IMMUcan,level3,,Plasmacytoid_dendritic_cell,0.8790235282997434,0.28404802744425384,0.4292839518943811,14575
173,IMMUcan,level3,,Stroma,0.6090377538227978,0.6822790113112693,0.6386722716991784,250635
174,IMMUcan,level3,,Treg,0.0,0.0,0.0,54045
175,IMMUcan,level3,,undefined,0.0,0.0,0.0,94335
176,IMMUcan,level3,,B_cell,0.0,0.0,0.0,41315
177,IMMUcan,level3,,BnT,0.34553576723103674,0.7587760243016967,0.47099701643193803,67485
178,IMMUcan,level3,,CD4+_T_cell,0.4977659589867929,0.2923273459275317,0.3638839561018551,129160
179,IMMUcan,level3,,CD8+_T_cell,0.566939675046787,0.5318259123985836,0.5430869802362246,179335
180,IMMUcan,level3,,Cancer,0.7803872697941447,0.9493182454126808,0.8564892050903132,1054265
181,IMMUcan,level3,,Dendritic_cell,0.0,0.0,0.0,50490
182,IMMUcan,level3,,M2_Macrophage,0.5700303470417085,0.35905200401393067,0.433950820696339,169410
183,IMMUcan,level3,,NK_cell,0.516705748357596,0.42567409144196955,0.46544356438801754,17060
184,IMMUcan,level3,,Neutrophil,0.5846015080003479,0.6151056170617402,0.5993527048924783,73615
185,IMMUcan,level3,,Plasma_cell,0.5809255347864211,0.6697084353438683,0.6196707667723395,89860
186,IMMUcan,level3,,Plasmacytoid_dendritic_cell,0.8768196576761882,0.2946140651801029,0.4410255834722518,14575
187,IMMUcan,level3,,Stroma,0.5870820252246352,0.6870469008717857,0.6302440088330252,250635
188,IMMUcan,level3,,Treg,0.0,0.0,0.0,54045
189,IMMUcan,level3,,undefined,0.0,0.0,0.0,94335
190,IMMUcan,level3,,B_cell,0.5687839789280285,0.6203315986929686,0.5777187004858478,41315
191,IMMUcan,level3,,BnT,0.5171800478148754,0.5510557901755946,0.5220852767360676,67485
192,IMMUcan,level3,,CD4+_T_cell,0.5356518487590255,0.37927376896872095,0.44120745930599553,129160
193,IMMUcan,level3,,CD8+_T_cell,0.5289606936808811,0.6259625839908551,0.5724367418288656,179335
194,IMMUcan,level3,,Cancer,0.8156064435409103,0.932483768312521,0.8701119729409049,1054265
195,IMMUcan,level3,,Dendritic_cell,0.2898980091805221,0.04907902554961372,0.08359509707207528,50490
196,IMMUcan,level3,,M2_Macrophage,0.5385976633770448,0.3926391594356885,0.4531062143151609,169410
197,IMMUcan,level3,,NK_cell,0.4464855193700933,0.601934349355217,0.5121405227625859,17060
198,IMMUcan,level3,,Neutrophil,0.587216120980216,0.5325952591183862,0.5561106232552561,73615
199,IMMUcan,level3,,Plasma_cell,0.5180360707027623,0.6912085466280882,0.5921803772061776,89860
200,IMMUcan,level3,,Plasmacytoid_dendritic_cell,0.8248955411079522,0.31149228130360207,0.4492598794129579,14575
201,IMMUcan,level3,,Stroma,0.6007810572959646,0.7109821054521516,0.6505071884384005,250635
202,IMMUcan,level3,,Treg,0.13106303418803417,0.09079470811360904,0.10727441657102257,54045
203,IMMUcan,level3,,undefined,0.07633587786259542,0.0015900779138177602,0.00311526479750778,94335
204,IMMUcan,level3,Logistic Regression,B_cell,0.7323811292737699,0.8317482099355207,0.7778840861243823,28094
205,IMMUcan,level3,Logistic Regression,BnT,0.7231240272116175,0.821231421280439,0.7534427726204452,45890
206,IMMUcan,level3,Logistic Regression,CD4+_T_cell,0.831237036480406,0.8016433874013369,0.8156847469106477,87830
207,IMMUcan,level3,Logistic Regression,CD8+_T_cell,0.901709617120088,0.8530030142224732,0.8765209366571203,121948
208,IMMUcan,level3,Logistic Regression,Cancer,0.9830800356230082,0.8426061723570051,0.9071377877503106,716899
209,IMMUcan,level3,Logistic Regression,Dendritic_cell,0.39889358860340884,0.6741013605357696,0.49891988573369767,34333
210,IMMUcan,level3,Logistic Regression,M2_Macrophage,0.7925001450806963,0.7890412915710576,0.7899246369759431,115198
211,IMMUcan,level3,Logistic Regression,NK_cell,0.4482151461170242,0.9001503507097077,0.5969467236773315,11599
212,IMMUcan,level3,Logistic Regression,Neutrophil,0.7826524353400224,0.9013085656133308,0.8364295801440417,50058
213,IMMUcan,level3,Logistic Regression,Plasma_cell,0.8341382438853886,0.8229582865128254,0.8271690192467206,61105
214,IMMUcan,level3,Logistic Regression,Plasmacytoid_dendritic_cell,0.40178746243447244,0.8592649951422395,0.5382584773032327,9912
215,IMMUcan,level3,Logistic Regression,Stroma,0.8074218519657462,0.8337435457709116,0.8202210902208698,170431
216,IMMUcan,level3,Logistic Regression,Treg,0.8392633062913506,0.9268816627941618,0.8806984848142777,36752
217,IMMUcan,level3,Logistic Regression,undefined,0.45201277320455296,0.6474631311369348,0.5304806474392063,64147
218,IMMUcan,level3,MAPS,B_cell,0.8335049536166753,0.8907789234684603,0.8603294165382159,28094
219,IMMUcan,level3,MAPS,BnT,0.8411608467370171,0.9134893028245454,0.8738402272362791,45890
220,IMMUcan,level3,MAPS,CD4+_T_cell,0.8538447614115672,0.9077429512483752,0.8795179194318065,87830
221,IMMUcan,level3,MAPS,CD8+_T_cell,0.9205178080266752,0.9249355423976053,0.9226089214947721,121948
222,IMMUcan,level3,MAPS,Cancer,0.9824651299730114,0.9103636384279665,0.9449696448136677,716899
223,IMMUcan,level3,MAPS,Dendritic_cell,0.6081327935866516,0.80190357163582,0.687080708885985,34333
224,IMMUcan,level3,MAPS,M2_Macrophage,0.8260573679036943,0.8822809321842942,0.8519971368590517,115198
225,IMMUcan,level3,MAPS,NK_cell,0.6398743698873963,0.8813065564131696,0.7366300125331675,11599
226,IMMUcan,level3,MAPS,Neutrophil,0.8742457202198619,0.9488023386877524,0.9096204590124497,50058
227,IMMUcan,level3,MAPS,Plasma_cell,0.8613243711880765,0.8882764142827139,0.8742470531628278,61105
228,IMMUcan,level3,MAPS,Plasmacytoid_dendritic_cell,0.7301364256216543,0.8367574696296625,0.7725867516086325,9912
229,IMMUcan,level3,MAPS,Stroma,0.920020318225481,0.9157003484215467,0.9173211591405657,170431
230,IMMUcan,level3,MAPS,Treg,0.8714227352575863,0.9608107720390967,0.9137733254581667,36752
231,IMMUcan,level3,MAPS,undefined,0.7013069894509876,0.7424363952660338,0.7200452034978198,64147
232,IMMUcan,level3,Most Frequent,B_cell,0.0,0.0,0.0,28094
233,IMMUcan,level3,Most Frequent,BnT,0.0,0.0,0.0,45890
234,IMMUcan,level3,Most Frequent,CD4+_T_cell,0.0,0.0,0.0,87830
235,IMMUcan,level3,Most Frequent,CD8+_T_cell,0.0,0.0,0.0,121948
236,IMMUcan,level3,Most Frequent,Cancer,0.46116411342209995,1.0,0.6311970201748938,716899
237,IMMUcan,level3,Most Frequent,Dendritic_cell,0.0,0.0,0.0,34333
238,IMMUcan,level3,Most Frequent,M2_Macrophage,0.0,0.0,0.0,115198
239,IMMUcan,level3,Most Frequent,NK_cell,0.0,0.0,0.0,11599
240,IMMUcan,level3,Most Frequent,Neutrophil,0.0,0.0,0.0,50058
241,IMMUcan,level3,Most Frequent,Plasma_cell,0.0,0.0,0.0,61105
242,IMMUcan,level3,Most Frequent,Plasmacytoid_dendritic_cell,0.0,0.0,0.0,9912
243,IMMUcan,level3,Most Frequent,Stroma,0.0,0.0,0.0,170431
244,IMMUcan,level3,Most Frequent,Treg,0.0,0.0,0.0,36752
245,IMMUcan,level3,Most Frequent,undefined,0.0,0.0,0.0,64147
246,IMMUcan,level3,,B_cell,0.10629800307219661,0.0753721408689338,0.08820280413539158,41315
247,IMMUcan,level3,,BnT,0.0,0.0,0.0,67485
248,IMMUcan,level3,,CD4+_T_cell,0.0,0.0,0.0,129160
249,IMMUcan,level3,,CD8+_T_cell,0.21736453476151393,0.41177126606630043,0.28216809676598753,179335
250,IMMUcan,level3,,Cancer,0.6764223163476762,0.8849473329760544,0.7663633714608722,1054265
251,IMMUcan,level3,,Dendritic_cell,0.0,0.0,0.0,50490
252,IMMUcan,level3,,M2_Macrophage,0.2658210949692914,0.33017531432619085,0.290499587670737,169410
253,IMMUcan,level3,,NK_cell,0.3453545256982523,0.10433763188745601,0.16017301046095503,17060
254,IMMUcan,level3,,Neutrophil,0.4685500134400592,0.3051280309719486,0.35097771990497656,73615
255,IMMUcan,level3,,Plasma_cell,0.41910929864047225,0.3875472957934565,0.40153140574653695,89860
256,IMMUcan,level3,,Plasmacytoid_dendritic_cell,0.0,0.0,0.0,14575
257,IMMUcan,level3,,Stroma,0.32864417844210625,0.24513336126239346,0.27123926473855925,250635
258,IMMUcan,level3,,Treg,0.0,0.0,0.0,54045
259,IMMUcan,level3,,undefined,0.0,0.0,0.0,94335
260,IMMUcan,level3,,B_cell,0.5404306702653081,0.37613457581992005,0.4424420437907285,41315
261,IMMUcan,level3,,BnT,0.5867573781435453,0.5202341261020968,0.5488672851938257,67485
262,IMMUcan,level3,,CD4+_T_cell,0.278177989314505,0.172112109012078,0.21159158997494867,129160
263,IMMUcan,level3,,CD8+_T_cell,0.3716917504419972,0.32626648451222573,0.34594587440736707,179335
264,IMMUcan,level3,,Cancer,0.6061421786573362,0.9455848387265062,0.7386782895539767,1054265
265,IMMUcan,level3,,Dendritic_cell,0.0,0.0,0.0,50490
266,IMMUcan,level3,,M2_Macrophage,0.33365728522997606,0.2239419160616256,0.26741448425039105,169410
267,IMMUcan,level3,,NK_cell,0.06962962962962962,0.02203985932004688,0.03348174532502226,17060
268,IMMUcan,level3,,Neutrophil,0.6383303004777793,0.2312164640358622,0.33711911783282567,73615
269,IMMUcan,level3,,Plasma_cell,0.5032835500697965,0.3186401068328511,0.3896544201984794,89860
270,IMMUcan,level3,,Plasmacytoid_dendritic_cell,0.0,0.0,0.0,14575
271,IMMUcan,level3,,Stroma,0.3730945103849807,0.16248728230295045,0.22631960220660813,250635
272,IMMUcan,level3,,Treg,0.24594467063650033,0.02527523360162822,0.04583642089082278,54045
273,IMMUcan,level3,,undefined,0.0,0.0,0.0,94335
274,IMMUcan,level3,Nimbus,B_cell,0.18934145407509476,0.10231150913711726,0.128576289516032,41315
275,IMMUcan,level3,Nimbus,BnT,0.34482160060984934,0.5464473586722975,0.42208249148108246,67485
276,IMMUcan,level3,Nimbus,CD4+_T_cell,0.08809523809523809,0.0002864663982657,0.0005710757832998799,129160
277,IMMUcan,level3,Nimbus,CD8+_T_cell,0.26109282358056995,0.4483285471324615,0.3252539524785135,179335
278,IMMUcan,level3,Nimbus,Cancer,0.7393590631332102,0.8502539684045283,0.7907394256979698,1054265
279,IMMUcan,level3,Nimbus,Dendritic_cell,0.0,0.0,0.0,50490
280,IMMUcan,level3,Nimbus,M2_Macrophage,0.2798259831482452,0.3234814945989021,0.2958273147303149,169410
281,IMMUcan,level3,Nimbus,NK_cell,0.35762294234158093,0.2534583821805393,0.2938445604687592,17060
282,IMMUcan,level3,Nimbus,Neutrophil,0.4388497005498359,0.4061808055423487,0.4205152402755015,73615
283,IMMUcan,level3,Nimbus,Plasma_cell,0.4764350456517296,0.4217226797240151,0.4457148846878585,89860
284,IMMUcan,level3,Nimbus,Plasmacytoid_dendritic_cell,0.0,0.0,0.0,14575
285,IMMUcan,level3,Nimbus,Stroma,0.3449217384900157,0.4099706744868035,0.37117821819092106,250635
286,IMMUcan,level3,Nimbus,Treg,0.0,0.0,0.0,54045
287,IMMUcan,level3,Nimbus,undefined,0.12262156448202957,0.00084804155403612,0.0016844321726278602,94335
288,IMMUcan,level3,,B_cell,0.28296265285130273,0.13631852837952316,0.17761488003605425,41315
289,IMMUcan,level3,,BnT,0.42515491078661843,0.6747425353782323,0.5213121874839898,67485
290,IMMUcan,level3,,CD4+_T_cell,0.11107719675446004,0.006364199442551841,0.0120383440636428,129160
291,IMMUcan,level3,,CD8+_T_cell,0.2745914169552143,0.3644575793905261,0.3119628420303114,179335
292,IMMUcan,level3,,Cancer,0.7605671285578918,0.8506846001716836,0.8029948283569253,1054265
293,IMMUcan,level3,,Dendritic_cell,0.0,0.0,0.0,50490
294,IMMUcan,level3,,M2_Macrophage,0.26443797079255477,0.36569860102709406,0.3047648536520754,169410
295,IMMUcan,level3,,NK_cell,0.0,0.0,0.0,17060
296,IMMUcan,level3,,Neutrophil,0.46758970905151653,0.3372953881681722,0.39107705399034903,73615
297,IMMUcan,level3,,Plasma_cell,0.4916528288782023,0.41273091475628754,0.4469990581176864,89860
298,IMMUcan,level3,,Plasmacytoid_dendritic_cell,0.20169199308153513,0.14497427101200683,0.16841994006021652,14575
299,IMMUcan,level3,,Stroma,0.34368586835846765,0.5032816645719872,0.4079443517946245,250635
300,IMMUcan,level3,,Treg,0.0,0.0,0.0,54045
301,IMMUcan,level3,,undefined,0.23472649296969256,0.00167488206922136,0.0033260057565523997,94335
302,IMMUcan,level3,,B_cell,0.13128164278219043,0.0346928072935576,0.05337272077944871,49578
303,IMMUcan,level3,,BnT,0.3763903827747727,0.7181101973278011,0.4934667086106808,80982
304,IMMUcan,level3,,CD4+_T_cell,0.45333468385025677,0.31739057499741924,0.36736191049627825,154992
305,IMMUcan,level3,,CD8+_T_cell,0.4996688280847952,0.5230109385600505,0.5047852468293785,215202
306,IMMUcan,level3,,Cancer,0.7615118575647742,0.9328465803189899,0.8383323121195971,1265118
307,IMMUcan,level3,,Dendritic_cell,0.05373581674159708,0.008285469069782784,0.01435721435721435,60588
308,IMMUcan,level3,,M2_Macrophage,0.4047908825725652,0.3033616669618086,0.3417804202688525,203292
309,IMMUcan,level3,,NK_cell,0.45550265793966327,0.554611176240719,0.4899895512906452,20472
310,IMMUcan,level3,,Neutrophil,0.513719692188172,0.5173651203332654,0.5128366364977711,88338
311,IMMUcan,level3,,Plasma_cell,0.5455149875407356,0.6101435566436679,0.5723790926595792,107832
312,IMMUcan,level3,,Plasmacytoid_dendritic_cell,0.38252515419842,0.18176100628930816,0.24627980981976116,17490
313,IMMUcan,level3,,Stroma,0.5945515865239679,0.5709597622040018,0.5816974660119101,300762
314,IMMUcan,level3,,Treg,0.0,0.0,0.0,64854
315,IMMUcan,level3,,undefined,0.04801172805570827,0.0046288934824473,0.008443713945019167,113202
316,IMMUcan,level3,,B_cell,0.5077207953151007,0.17370607930937107,0.23530859436991078,49578
317,IMMUcan,level3,,BnT,0.40157401160185086,0.6877207280630264,0.5052624340209051,80982
318,IMMUcan,level3,,CD4+_T_cell,0.43094281664760875,0.30266078249199957,0.35137535642193907,154992
319,IMMUcan,level3,,CD8+_T_cell,0.4975419195237702,0.5560310777780876,0.5198225243258895,215202
320,IMMUcan,level3,,Cancer,0.7608484641932303,0.9331651276797895,0.8381994972861402,1265118
321,IMMUcan,level3,,Dendritic_cell,0.09749151289156151,0.017297154552056503,0.02928821511295736,60588
322,IMMUcan,level3,,M2_Macrophage,0.4376130280384112,0.3337612891800956,0.37783013834540435,203292
323,IMMUcan,level3,,NK_cell,0.5012421210209309,0.5006350136772176,0.49527272478563383,20472
324,IMMUcan,level3,,Neutrophil,0.45818198867944987,0.4070954742013629,0.4162512694020415,88338
325,IMMUcan,level3,,Plasma_cell,0.5384881493013157,0.6213276207433786,0.574448120277922,107832
326,IMMUcan,level3,,Plasmacytoid_dendritic_cell,0.8005099957205338,0.38444825614636935,0.5191379558778287,17490
327,IMMUcan,level3,,Stroma,0.6080291440952833,0.5715815162819772,0.5882191271392517,300762
328,IMMUcan,level3,,Treg,0.0,0.0,0.0,64854
329,IMMUcan,level3,,undefined,0.04408499841420868,0.007367361000689034,0.012624886466848317,113202
330,IMMUcan,level3,,B_cell,0.4021191709726483,0.09260155714228081,0.15051310740729665,49578
331,IMMUcan,level3,,BnT,0.3875985965597595,0.7020448988664146,0.4985847812618473,80982
332,IMMUcan,level3,,CD4+_T_cell,0.48033944725193994,0.3406111283163002,0.39723632263430425,154992
333,IMMUcan,level3,,CD8+_T_cell,0.5630397358757903,0.5183687883941599,0.5327408080469548,215202
334,IMMUcan,level3,,Cancer,0.7647914433709803,0.9404727464157494,0.8434175515047834,1265118
335,IMMUcan,level3,,Dendritic_cell,0.12840056845030703,0.026275830197398802,0.043618535706202916,60588
336,IMMUcan,level3,,M2_Macrophage,0.43458940942095864,0.3633935422938433,0.3925488843102207,203292
337,IMMUcan,level3,,NK_cell,0.511177523347064,0.57063305978898,0.5385912313538596,20472
338,IMMUcan,level3,,Neutrophil,0.5199747268321835,0.36630894971586403,0.38187359296155415,88338
339,IMMUcan,level3,,Plasma_cell,0.49623095791771493,0.6682895615401736,0.5681825586119229,107832
340,IMMUcan,level3,,Plasmacytoid_dendritic_cell,0.6679320971496022,0.3040594625500285,0.4177729693271195,17490
341,IMMUcan,level3,,Stroma,0.59767824669661,0.580861279017961,0.5881927202743962,300762
342,IMMUcan,level3,,Treg,0.0,0.0,0.0,64854
343,IMMUcan,level3,,undefined,0.0,0.0,0.0,113202
344,IMMUcan,level3,Phenograph,B_cell,0.10913705583756345,0.015611763282100918,0.02731604023292747,49578
345,IMMUcan,level3,Phenograph,BnT,0.3734605237997854,0.7812600330937739,0.5035383655344653,80982
346,IMMUcan,level3,Phenograph,CD4+_T_cell,0.42162487767725815,0.27207210694745537,0.3305635468997028,154992
347,IMMUcan,level3,Phenograph,CD8+_T_cell,0.5486660574580505,0.5830707893049322,0.559787657528574,215202
348,IMMUcan,level3,Phenograph,Cancer,0.7918708731450965,0.9370335415352561,0.8581971694680974,1265118
349,IMMUcan,level3,Phenograph,Dendritic_cell,0.30067399979583737,0.050934178385158735,0.08703788856846238,60588
350,IMMUcan,level3,Phenograph,M2_Macrophage,0.544410575646462,0.34835114023178476,0.4057851573533167,203292
351,IMMUcan,level3,Phenograph,NK_cell,0.5322691967822653,0.5501172332942555,0.5403213594346296,20472
352,IMMUcan,level3,Phenograph,Neutrophil,0.4695334095505433,0.6211030360660191,0.5286093529880803,88338
353,IMMUcan,level3,Phenograph,Plasma_cell,0.5279478493071775,0.6750593515839455,0.5860532193378342,107832
354,IMMUcan,level3,Phenograph,Plasmacytoid_dendritic_cell,0.8966864220935422,0.3510005717552887,0.5041377974858864,17490
355,IMMUcan,level3,Phenograph,Stroma,0.6043454085070011,0.6287230434695873,0.6128100211683934,300762
356,IMMUcan,level3,Phenograph,Treg,0.0,0.0,0.0,64854
357,IMMUcan,level3,Phenograph,undefined,0.0,0.0,0.0,113202
358,IMMUcan,level3,Random Forest,B_cell,0.8769831201437283,0.886080828558752,0.8809996311964625,28094
359,IMMUcan,level3,Random Forest,BnT,0.831870339434176,0.9422098369825939,0.8831614526352926,45890
360,IMMUcan,level3,Random Forest,CD4+_T_cell,0.8906212022960253,0.9175171090614658,0.903773698507707,87830
361,IMMUcan,level3,Random Forest,CD8+_T_cell,0.9075065047740234,0.9595799575277721,0.932775924211685,121948
362,IMMUcan,level3,Random Forest,Cancer,0.9483360269571485,0.9531596337813145,0.9506612584809904,716899
363,IMMUcan,level3,Random Forest,Dendritic_cell,0.8177603877831313,0.69789742557068,0.7530506767575601,34333
364,IMMUcan,level3,Random Forest,M2_Macrophage,0.8331834251231811,0.9179772360730482,0.8731532213404141,115198
365,IMMUcan,level3,Random Forest,NK_cell,0.9019424738098953,0.5671950576270803,0.6943672297823963,11599
366,IMMUcan,level3,Random Forest,Neutrophil,0.9278291254157386,0.908653370361184,0.917812594926714,50058
367,IMMUcan,level3,Random Forest,Plasma_cell,0.9085561123393555,0.8608484717843297,0.8836737150112001,61105
368,IMMUcan,level3,Random Forest,Plasmacytoid_dendritic_cell,0.8681920429881831,0.6749722682948799,0.7573811396355451,9912
369,IMMUcan,level3,Random Forest,Stroma,0.9402672945305823,0.9216866728608242,0.9307258320098601,170431
370,IMMUcan,level3,Random Forest,Treg,0.9193955844461513,0.9478891960456103,0.9332828153499502,36752
371,IMMUcan,level3,Random Forest,undefined,0.8421434896501634,0.6615143212685778,0.738046644178728,64147
372,IMMUcan,level3,RIBCA,B_cell,0.0697562180120319,0.7521481302190488,0.1276718125699729,41315
373,IMMUcan,level3,RIBCA,BnT,0.0,0.0,0.0,67485
374,IMMUcan,level3,RIBCA,CD4+_T_cell,0.4213119576408295,0.44355837720656555,0.43214905333031595,129160
375,IMMUcan,level3,RIBCA,CD8+_T_cell,0.5847880299251871,0.7976412858616556,0.6748281027020014,179335
376,IMMUcan,level3,RIBCA,Cancer,0.0,0.0,0.0,1054265
377,IMMUcan,level3,RIBCA,Dendritic_cell,0.207973291437549,0.4194890077243018,0.2780804831615571,50490
378,IMMUcan,level3,RIBCA,M1_Macrophage,0.0,0.0,0.0,0
379,IMMUcan,level3,RIBCA,M2_Macrophage,0.3647546397199656,0.651998111091435,0.46780170679541755,169410
380,IMMUcan,level3,RIBCA,Mast_cell,0.0,0.0,0.0,0
381,IMMUcan,level3,RIBCA,NK_cell,0.0886586695747001,0.4765533411488863,0.1495034939315924,17060
382,IMMUcan,level3,RIBCA,Neutrophil,0.2350163022631377,0.665828975073015,0.3474085230796491,73615
383,IMMUcan,level3,RIBCA,Plasma_cell,0.6012461059190031,0.0322167816603605,0.061156588328492203,89860
384,IMMUcan,level3,RIBCA,Plasmacytoid_dendritic_cell,0.0,0.0,0.0,14575
385,IMMUcan,level3,RIBCA,Stroma,0.0,0.0,0.0,250635
386,IMMUcan,level3,RIBCA,Treg,0.8826714801444042,0.0452400777130169,0.0860688198539118,54045
387,IMMUcan,level3,RIBCA,undefined,0.0362715772183753,0.2551545025706259,0.0635142623426656,94335
388,IMMUcan,level3,RIBCA_adapted,B_cell,0.0864936330109247,0.7521481302190488,0.155146159414863,41315
389,IMMUcan,level3,RIBCA_adapted,CD4+_T_cell,0.5227666757915869,0.44355837720656555,0.47991623036649217,129160
390,IMMUcan,level3,RIBCA_adapted,CD8+_T_cell,0.686462232459929,0.7976412858616556,0.7378873657196652,179335
391,IMMUcan,level3,RIBCA_adapted,Cancer,0.0,0.0,0.0,1054265
392,IMMUcan,level3,RIBCA_adapted,Dendritic_cell,0.2801587301587301,0.4194890077243018,0.3359505115393766,50490
393,IMMUcan,level3,RIBCA_adapted,M2_Macrophage,0.45374440290843354,0.651998111091435,0.5350983431838,169410
394,IMMUcan,level3,RIBCA_adapted,NK_cell,0.10259322354722691,0.4765533411488863,0.1688385857432116,17060
395,IMMUcan,level3,RIBCA_adapted,Neutrophil,0.2569391659895683,0.665828975073015,0.3707920417580755,73615
396,IMMUcan,level3,RIBCA_adapted,Other,0.0,0.0,0.0,0
397,IMMUcan,level3,RIBCA_adapted,Plasma_cell,0.6139978791092259,0.0322167816603605,0.0612212529738302,89860
398,IMMUcan,level3,RIBCA_adapted,Treg,0.9569471624266143,0.0452400777130169,0.0863957597173144,54045
399,IMMUcan,level3,Scyan,B_cell,0.5007903104121898,0.8003751664044536,0.603491567377413,49578
400,IMMUcan,level3,Scyan,BnT,0.7187840992162444,0.7645896619001754,0.7409365286735895,80982
401,IMMUcan,level3,Scyan,CD4+_T_cell,0.6827291378775481,0.7254567977702076,0.702472499193212,154992
402,IMMUcan,level3,Scyan,CD8+_T_cell,0.7861619420784024,0.7418425479317107,0.7626581986878002,215202
403,IMMUcan,level3,Scyan,Cancer,0.9371844373063861,0.8741145094765864,0.9039291540888376,1265118
404,IMMUcan,level3,Scyan,Dendritic_cell,0.2243205664375,0.5784478774674854,0.3212494423740918,60588
405,IMMUcan,level3,Scyan,M2_Macrophage,0.5970037474960541,0.47432756822698385,0.528376349312502,203292
406,IMMUcan,level3,Scyan,NK_cell,0.23442400221854667,0.5492868307932787,0.3101013572847587,20472
407,IMMUcan,level3,Scyan,Neutrophil,0.7550366355990611,0.8933301636894654,0.8175721214907413,88338
408,IMMUcan,level3,Scyan,Plasma_cell,0.6852184225061202,0.7829308554047035,0.7283693109914625,107832
409,IMMUcan,level3,Scyan,Plasmacytoid_dendritic_cell,0.6687391873209769,0.2009148084619782,0.2918030499174265,17490
410,IMMUcan,level3,Scyan,Stroma,0.6562502997250227,0.7109375519513769,0.6822330295330681,300762
411,IMMUcan,level3,Scyan,Treg,0.8605444138669247,0.7962037807999507,0.8270129171689636,64854
412,IMMUcan,level3,Scyan,undefined,0.07716863117087629,0.005300259712725867,0.009912356259510867,113202
413,IMMUcan,level3,Starling,B_cell,0.5608778390154459,0.43161079511073464,0.48775181444395577,41315
414,IMMUcan,level3,Starling,BnT,0.37801347377546357,0.5845298955323405,0.4590092441339483,67485
415,IMMUcan,level3,Starling,CD4+_T_cell,0.29118648091356125,0.18048931557757816,0.22284094426672926,129160
416,IMMUcan,level3,Starling,CD8+_T_cell,0.4073353858320501,0.6042099980483453,0.48570698844221283,179335
417,IMMUcan,level3,Starling,Cancer,0.8837074136551187,0.8890980920356837,0.8863057991667136,1054265
418,IMMUcan,level3,Starling,Dendritic_cell,0.0,0.0,0.0,50490
419,IMMUcan,level3,Starling,M2_Macrophage,0.5056116035287633,0.7469925033941326,0.6030130510292941,169410
420,IMMUcan,level3,Starling,NK_cell,0.0,0.0,0.0,17060
421,IMMUcan,level3,Starling,Neutrophil,0.7476042578524205,0.5532568090742376,0.630294068464761,73615
422,IMMUcan,level3,Starling,Plasma_cell,0.78841817668862,0.43247273536612507,0.5509312391749875,89860
423,IMMUcan,level3,Starling,Plasmacytoid_dendritic_cell,0.0,0.0,0.0,14575
424,IMMUcan,level3,Starling,Stroma,0.5996547397938236,0.7056436650906697,0.6481807460711442,250635
425,IMMUcan,level3,Starling,Treg,0.0,0.0,0.0,54045
426,IMMUcan,level3,Starling,undefined,0.24485431051529782,0.28010812529813955,0.26126781567377927,94335
427,IMMUcan,level3,Stratified sampler,B_cell,0.01778144263071694,0.0174208894797589,0.015464566688128081,28094
428,IMMUcan,level3,Stratified sampler,BnT,0.030520414901210942,0.03047959720064892,0.027138859908508124,45890
429,IMMUcan,level3,Stratified sampler,CD4+_T_cell,0.055397505790041456,0.05488135065115274,0.05501434661278558,87830
430,IMMUcan,level3,Stratified sampler,CD8+_T_cell,0.07830729306725676,0.07831120435936258,0.07794769607721326,121948
431,IMMUcan,level3,Stratified sampler,Cancer,0.4614688131247194,0.4595886782711456,0.4598641042382008,716899
432,IMMUcan,level3,Stratified sampler,Dendritic_cell,0.02151434193581552,0.02150052887881432,0.02133795134202394,34333
433,IMMUcan,level3,Stratified sampler,M2_Macrophage,0.07441450576625046,0.07468917984290656,0.07343314833447259,115198
434,IMMUcan,level3,Stratified sampler,NK_cell,0.00675456936879032,0.00654230799363552,0.0056851343277896805,11599
435,IMMUcan,level3,Stratified sampler,Neutrophil,0.03248103006711362,0.032920326020113445,0.03060318252708124,50058
436,IMMUcan,level3,Stratified sampler,Plasma_cell,0.037960354544796605,0.038345800325228656,0.03754920068702242,61105
437,IMMUcan,level3,Stratified sampler,Plasmacytoid_dendritic_cell,0.00594043713000936,0.006326795967270581,0.0060127180151287,9912
438,IMMUcan,level3,Stratified sampler,Stroma,0.11041882211797889,0.11034950921742352,0.11006756620981754,170431
439,IMMUcan,level3,Stratified sampler,Treg,0.02300985666514874,0.023476345814976218,0.02300795819731764,36752
440,IMMUcan,level3,Stratified sampler,undefined,0.040949212162120566,0.04142604905968718,0.04100173764233528,64147
441,IMMUcan,level3,Tacit,B_cell,0.8140900195694716,0.40275928839404573,0.5389037324912963,41315
442,IMMUcan,level3,Tacit,BnT,0.6123372172721042,0.3309624360969104,0.42968449403616765,67485
443,IMMUcan,level3,Tacit,CD4+_T_cell,0.952150416572844,0.3273846392071849,0.4872385780952929,129160
444,IMMUcan,level3,Tacit,CD8+_T_cell,0.6205841391891097,0.8820921738645552,0.7285832719233604,179335
445,IMMUcan,level3,Tacit,Cancer,0.9467401807537088,0.7109407976172973,0.8120696660256236,1054265
446,IMMUcan,level3,Tacit,Dendritic_cell,0.2484795829713292,0.5664488017429193,0.3454314874086599,50490
447,IMMUcan,level3,Tacit,M2_Macrophage,0.4912407839183313,0.4601558349566141,0.47519049070405367,169410
448,IMMUcan,level3,Tacit,NK_cell,0.2017025712300208,0.6805392731535757,0.3111766282497989,17060
449,IMMUcan,level3,Tacit,Neutrophil,0.5196121995556453,0.8736670515519936,0.6516540858199503,73615
450,IMMUcan,level3,Tacit,Plasma_cell,0.8304604677510723,0.5709993322946806,0.6767120577664941,89860
451,IMMUcan,level3,Tacit,Plasmacytoid_dendritic_cell,0.0421518020416194,0.6246998284734134,0.0789747593026281,14575
452,IMMUcan,level3,Tacit,Stroma,0.6747336517266715,0.5862309733277475,0.6273764664439202,250635
453,IMMUcan,level3,Tacit,Treg,0.8762781186094071,0.3171431214728467,0.4657292303511989,54045
454,IMMUcan,level3,Tacit,undefined,0.0253531221070863,0.044999204961043,0.0324330519158039,94335
455,IMMUcan,level3,Tribus,B_cell,0.44940131079219825,0.34805782526712753,0.36783318422566824,39775
456,IMMUcan,level3,Tribus,BnT,0.35935340134941285,0.4796029160850008,0.39488455671561523,64470
457,IMMUcan,level3,Tribus,CD4+_T_cell,0.5205728456046687,0.3847946769557856,0.44048792161084444,126995
458,IMMUcan,level3,Tribus,CD8+_T_cell,0.7419340837512369,0.32695552695552693,0.4467560877226499,174825
459,IMMUcan,level3,Tribus,Cancer,0.8612780426552504,0.7651504615296684,0.8086660604199853,1049770
460,IMMUcan,level3,Tribus,Dendritic_cell,0.15631037639508683,0.4070297333197098,0.2233451684727669,48935
461,IMMUcan,level3,Tribus,M2_Macrophage,0.659573786644515,0.47654560324720563,0.5423676027987042,165065
462,IMMUcan,level3,Tribus,NK_cell,0.35644047881930235,0.35185296776137387,0.3406947633490887,16595
463,IMMUcan,level3,Tribus,Neutrophil,0.4339895467536884,0.38571735857173584,0.40477715317290663,69735
464,IMMUcan,level3,Tribus,Plasma_cell,0.5030454863034028,0.3216616193360379,0.38516097271869454,87505
465,IMMUcan,level3,Tribus,Plasmacytoid_dendritic_cell,0.01118444895947512,0.21477226097661056,0.02119762898579202,12185
466,IMMUcan,level3,Tribus,Stroma,0.7274659831130388,0.6220839124216972,0.6646634648904539,248235
467,IMMUcan,level3,Tribus,Treg,0.3927554245643815,0.48713652045342537,0.3457167193200109,50725
468,IMMUcan,level3,Tribus,undefined,0.0359534097693952,0.007179376782735,0.01189245966309458,92905
469,IMMUcan,level3,XGBoost,B_cell,0.8443351841984026,0.9152743674660024,0.8781542079964634,28094
470,IMMUcan,level3,XGBoost,BnT,0.8822772270772632,0.9229736799255178,0.9018178836834544,45890
471,IMMUcan,level3,XGBoost,CD4+_T_cell,0.8943723769766093,0.927691819478176,0.9106832367463804,87830
472,IMMUcan,level3,XGBoost,CD8+_T_cell,0.9293725587326648,0.9519750549153445,0.9405169298385962,121948
473,IMMUcan,level3,XGBoost,Cancer,0.9837510155743188,0.9303129000442023,0.9562666485966957,716899
474,IMMUcan,level3,XGBoost,Dendritic_cell,0.7362535273686105,0.8037870179526774,0.7667551309364502,34333
475,IMMUcan,level3,XGBoost,M2_Macrophage,0.8484804078586878,0.9231494944494323,0.8840531414921626,115198
476,IMMUcan,level3,XGBoost,NK_cell,0.7675688981817441,0.9018992065063556,0.8283837502283242,11599
477,IMMUcan,level3,XGBoost,Neutrophil,0.9267117625218985,0.9418103754615412,0.9341661856861195,50058
478,IMMUcan,level3,XGBoost,Plasma_cell,0.8810247064211285,0.8996852134318344,0.8892074533845348,61105
479,IMMUcan,level3,XGBoost,Plasmacytoid_dendritic_cell,0.7915467615006899,0.8503014770097435,0.8191462253675617,9912
480,IMMUcan,level3,XGBoost,Stroma,0.9369038762618522,0.956660066921352,0.9466229987204662,170431
481,IMMUcan,level3,XGBoost,Treg,0.9115164274984047,0.9658522510856763,0.9377320543161691,36752
482,IMMUcan,level3,XGBoost,undefined,0.7542753741624368,0.7951896136194035,0.7738063300773688,64147
483,cHL_2_MIBI,level3,,B_cell,0.8063080747470325,0.806456960503958,0.8049029417691166,120645
484,cHL_2_MIBI,level3,,CD4+_T_cell,0.4942366079077297,0.5689962065946892,0.5281742356814195,274160
485,cHL_2_MIBI,level3,,CD8+_T_cell,0.5279970705151117,0.6008689024390244,0.5580019297308432,65600
486,cHL_2_MIBI,level3,,Cancer,0.42397814969509884,0.5460715291467192,0.4756416124770645,35510
487,cHL_2_MIBI,level3,,Dendritic_cell,0.4310827705535784,0.11703995157384983,0.18123984772790902,99120
488,cHL_2_MIBI,level3,,Endothelial,0.8599574597375096,0.7595455327939404,0.8064099137894374,29045
489,cHL_2_MIBI,level3,,M1_Macrophage,0.0,0.0,0.0,24545
490,cHL_2_MIBI,level3,,M2_Macrophage,0.46948070277697307,0.5784034392649413,0.509464682093528,118630
491,cHL_2_MIBI,level3,,NK_cell,0.8240919986146702,0.48884339815762534,0.608983709445185,24425
492,cHL_2_MIBI,level3,,Neutrophil,0.6890567028558889,0.7740509713063626,0.7290696758069973,84165
493,cHL_2_MIBI,level3,,Treg,0.5304688666065756,0.6455132375756969,0.5815939912888712,199810
494,cHL_2_MIBI,level3,,undefined,0.5760494058878776,0.23676862546008373,0.31466960805277944,78790
495,cHL_2_MIBI,level3,,B_cell,0.5802473749112514,0.6435409673007584,0.6102574179603065,120645
496,cHL_2_MIBI,level3,,CD4+_T_cell,0.4176480561315648,0.5840385176539247,0.4870237017998768,274160
497,cHL_2_MIBI,level3,,CD8+_T_cell,0.6022207707380797,0.0702743902439024,0.1258617159238277,65600
498,cHL_2_MIBI,level3,,Cancer,0.0,0.0,0.0,35510
499,cHL_2_MIBI,level3,,Dendritic_cell,0.47147651006711405,0.0708736884584342,0.12322399579021219,99120
500,cHL_2_MIBI,level3,,Endothelial,0.9348571428571428,0.422447925632639,0.5819302821911312,29045
501,cHL_2_MIBI,level3,,M1_Macrophage,0.0,0.0,0.0,24545
502,cHL_2_MIBI,level3,,M2_Macrophage,0.3583194905869324,0.8727977745932731,0.5080595696655953,118630
503,cHL_2_MIBI,level3,,NK_cell,0.0,0.0,0.0,24425
504,cHL_2_MIBI,level3,,Neutrophil,0.8323452364538811,0.7172815303273332,0.7705414978142251,84165
505,cHL_2_MIBI,level3,,Treg,0.3563171494628043,0.2622491366798458,0.3021304811600888,199810
506,cHL_2_MIBI,level3,,undefined,0.4628863208814834,0.5465160553369717,0.5012367953903908,78790
507,cHL_2_MIBI,level3,Astir,B_cell,0.7174825186247987,0.5732935471838866,0.6373337245016965,120645
508,cHL_2_MIBI,level3,Astir,CD4+_T_cell,0.40584099071932567,0.39295302013422817,0.3972338263820869,274160
509,cHL_2_MIBI,level3,Astir,CD8+_T_cell,0.7753096889392531,0.6592987804878049,0.7123709650442646,65600
510,cHL_2_MIBI,level3,Astir,Cancer,0.4494879561517381,0.054097437341593904,0.06569593044210567,35510
511,cHL_2_MIBI,level3,Astir,Dendritic_cell,0.2641536330178894,0.0872881355932203,0.12819055697853224,99120
512,cHL_2_MIBI,level3,Astir,Endothelial,0.779340814766454,0.7924944052332588,0.7858521250873667,29045
513,cHL_2_MIBI,level3,Astir,M1_Macrophage,0.16460642848481055,0.35355469545732326,0.22449174053567483,24545
514,cHL_2_MIBI,level3,Astir,M2_Macrophage,0.68476303563265,0.19418359605496077,0.29837722289178603,118630
515,cHL_2_MIBI,level3,Astir,NK_cell,0.871129640600763,0.5079631525076765,0.6416688985344128,24425
516,cHL_2_MIBI,level3,Astir,Neutrophil,0.7912677299898692,0.8002376284678905,0.7957059091410005,84165
517,cHL_2_MIBI,level3,Astir,Other,0.0,0.0,0.0,0
518,cHL_2_MIBI,level3,Astir,Treg,0.875008542341007,0.4658025123867674,0.6075274670369768,199810
519,cHL_2_MIBI,level3,Astir,Unknown,0.0,0.0,0.0,0
520,cHL_2_MIBI,level3,Astir,undefined,0.0,0.0,0.0,78790
521,cHL_2_MIBI,level3,CellLENS_Full,B_cell,0.7620439783263071,0.813436114219404,0.7837122296574982,120645
522,cHL_2_MIBI,level3,CellLENS_Full,CD4+_T_cell,0.42709095895253996,0.5949336154070616,0.49548783060565027,274160
523,cHL_2_MIBI,level3,CellLENS_Full,CD8+_T_cell,0.5427656445355022,0.30649390243902436,0.36428113369752946,65600
524,cHL_2_MIBI,level3,CellLENS_Full,Cancer,0.5173758799348483,0.34500140805406926,0.3412985297511429,35510
525,cHL_2_MIBI,level3,CellLENS_Full,Dendritic_cell,0.2924913637974601,0.03823648103309118,0.0520650792674203,99120
526,cHL_2_MIBI,level3,CellLENS_Full,Endothelial,0.8894348404690566,0.7086934067825787,0.788703722506627,29045
527,cHL_2_MIBI,level3,CellLENS_Full,M1_Macrophage,0.05787847579814624,0.02289672030963536,0.03281272806889504,24545
528,cHL_2_MIBI,level3,CellLENS_Full,M2_Macrophage,0.44191301987187037,0.5205344347972688,0.4713493040063598,118630
529,cHL_2_MIBI,level3,CellLENS_Full,NK_cell,0.8618834245559613,0.43705220061412486,0.575006719835012,24425
530,cHL_2_MIBI,level3,CellLENS_Full,Neutrophil,0.7227761975583807,0.7042238460167528,0.713207920824826,84165
531,cHL_2_MIBI,level3,CellLENS_Full,Treg,0.5255073244670532,0.6151894299584605,0.5657648024535156,199810
532,cHL_2_MIBI,level3,CellLENS_Full,undefined,0.488331253233446,0.3083386216524939,0.3540174310103643,78790
533,cHL_2_MIBI,level3,CellSighter,B_cell,0.741333350436497,0.5687596412352434,0.6204468100078229,96516
534,cHL_2_MIBI,level3,CellSighter,CD4+_T_cell,0.5858108921689136,0.5825300201169958,0.5797222181198707,219328
535,cHL_2_MIBI,level3,CellSighter,CD8+_T_cell,0.5943486364822439,0.5057726977732983,0.5337429839638296,52480
536,cHL_2_MIBI,level3,CellSighter,Cancer,0.531474761035659,0.47982165202004595,0.4635970494463219,28408
537,cHL_2_MIBI,level3,CellSighter,Dendritic_cell,0.48949812916280544,0.47715798681595994,0.47658775802315895,79296
538,cHL_2_MIBI,level3,CellSighter,Endothelial,0.6120194425214402,0.6448954226048169,0.6217345819838325,23236
539,cHL_2_MIBI,level3,CellSighter,M1_Macrophage,0.23717971409685004,0.32755492382119045,0.2516116917473479,19636
540,cHL_2_MIBI,level3,CellSighter,M2_Macrophage,0.5982361119747501,0.4939038244665849,0.5345437146026565,94904
541,cHL_2_MIBI,level3,CellSighter,NK_cell,0.38982232165877917,0.4708415506568738,0.40862705730227916,19540
542,cHL_2_MIBI,level3,CellSighter,Neutrophil,0.7452102506180605,0.6178471166696793,0.6603513250546778,67332
543,cHL_2_MIBI,level3,CellSighter,Treg,0.6626915754817244,0.48788997334478956,0.5376989852702254,159848
544,cHL_2_MIBI,level3,CellSighter,undefined,0.30895222660677757,0.5199794821330629,0.3556642313872409,63032
545,cHL_2_MIBI,level3,Deepcelltypes,B_cell,0.0,0.0,0.0,120645
546,cHL_2_MIBI,level3,Deepcelltypes,B_cells,0.0,0.0,0.0,0
547,cHL_2_MIBI,level3,Deepcelltypes,Blood,0.0,0.0,0.0,0
548,cHL_2_MIBI,level3,Deepcelltypes,CD4+_T_cell,0.2874251497005988,0.1838342573679603,0.2242441769927254,274160
549,cHL_2_MIBI,level3,Deepcelltypes,CD8+_T_cell,0.0865197666882696,0.0203506097560975,0.0329507589781562,65600
550,cHL_2_MIBI,level3,Deepcelltypes,Cancer,0.0292295964552861,0.1727682343001971,0.05,35510
551,cHL_2_MIBI,level3,Deepcelltypes,CardiacMuscle,0.0,0.0,0.0,0
552,cHL_2_MIBI,level3,Deepcelltypes,CollectingDuct,0.0,0.0,0.0,0
553,cHL_2_MIBI,level3,Deepcelltypes,Dendritic_cell,0.1427534478586982,0.0297619047619047,0.0492549150561422,99120
554,cHL_2_MIBI,level3,Deepcelltypes,Endothelial,0.0219298245614035,0.0447581339301084,0.029436739315029704,29045
555,cHL_2_MIBI,level3,Deepcelltypes,Epithelial,0.0,0.0,0.0,0
556,cHL_2_MIBI,level3,Deepcelltypes,Fibroblast,0.0,0.0,0.0,0
557,cHL_2_MIBI,level3,Deepcelltypes,Glial,0.0,0.0,0.0,0
558,cHL_2_MIBI,level3,Deepcelltypes,Goblet,0.0,0.0,0.0,0
559,cHL_2_MIBI,level3,Deepcelltypes,HSEC,0.0,0.0,0.0,0
560,cHL_2_MIBI,level3,Deepcelltypes,Hepatocyte,0.0,0.0,0.0,0
561,cHL_2_MIBI,level3,Deepcelltypes,Langerhans,0.0,0.0,0.0,0
562,cHL_2_MIBI,level3,Deepcelltypes,Lymphatic,0.0,0.0,0.0,0
563,cHL_2_MIBI,level3,Deepcelltypes,M1_Macrophage,0.0,0.0,0.0,24545
564,cHL_2_MIBI,level3,Deepcelltypes,M2_Macrophage,0.0,0.0,0.0,118630
565,cHL_2_MIBI,level3,Deepcelltypes,Macrophage,0.0,0.0,0.0,0
566,cHL_2_MIBI,level3,Deepcelltypes,Melanocyte,0.0,0.0,0.0,0
567,cHL_2_MIBI,level3,Deepcelltypes,Mesangial,0.0,0.0,0.0,0
568,cHL_2_MIBI,level3,Deepcelltypes,Microglial,0.0,0.0,0.0,0
569,cHL_2_MIBI,level3,Deepcelltypes,Monocyte,0.0,0.0,0.0,0
570,cHL_2_MIBI,level3,Deepcelltypes,Myofibroblasts,0.0,0.0,0.0,0
571,cHL_2_MIBI,level3,Deepcelltypes,NK_cell,0.026041666666666595,0.007164790174002,0.0112377588698025,24425
572,cHL_2_MIBI,level3,Deepcelltypes,Neuron,0.0,0.0,0.0,0
573,cHL_2_MIBI,level3,Deepcelltypes,Neuronal,0.0,0.0,0.0,0
574,cHL_2_MIBI,level3,Deepcelltypes,Neutrophil,0.1598746081504702,0.11210122972732131,0.131792149741584,84165
575,cHL_2_MIBI,level3,Deepcelltypes,Pericyte,0.0,0.0,0.0,0
576,cHL_2_MIBI,level3,Deepcelltypes,Podocyte,0.0,0.0,0.0,0
577,cHL_2_MIBI,level3,Deepcelltypes,Stellate,0.0,0.0,0.0,0
578,cHL_2_MIBI,level3,Deepcelltypes,Stromal,0.0,0.0,0.0,0
579,cHL_2_MIBI,level3,Deepcelltypes,Tcell,0.0,0.0,0.0,0
580,cHL_2_MIBI,level3,Deepcelltypes,Thrombocyte,0.0,0.0,0.0,0
581,cHL_2_MIBI,level3,Deepcelltypes,Treg,0.21857138490692912,0.1789449977478604,0.1967831147924434,199810
582,cHL_2_MIBI,level3,Deepcelltypes,Trophoblast,0.0,0.0,0.0,0
583,cHL_2_MIBI,level3,Deepcelltypes,muscle,0.0,0.0,0.0,0
584,cHL_2_MIBI,level3,Deepcelltypes,undefined,0.0,0.0,0.0,78790
585,cHL_2_MIBI,level3,Deepcelltypes_adapted,B_cell,0.21186336169688,0.0712006299473662,0.10658229418698431,120645
586,cHL_2_MIBI,level3,Deepcelltypes_adapted,CD4+_T_cell,0.2971873341588537,0.1838342573679603,0.2271549295774647,274160
587,cHL_2_MIBI,level3,Deepcelltypes_adapted,CD8+_T_cell,0.091002044989775,0.0203506097560975,0.0332627382583779,65600
588,cHL_2_MIBI,level3,Deepcelltypes_adapted,Cancer,0.0331666441411001,0.1727682343001971,0.05565004422069521,35510
589,cHL_2_MIBI,level3,Deepcelltypes_adapted,Dendritic_cell,0.1485023911401963,0.0297619047619047,0.0495860822792789,99120
590,cHL_2_MIBI,level3,Deepcelltypes_adapted,Endothelial,0.0233939175814288,0.0447581339301084,0.030727412397329002,29045
591,cHL_2_MIBI,level3,Deepcelltypes_adapted,M1_Macrophage,0.0,0.0,0.0,24545
592,cHL_2_MIBI,level3,Deepcelltypes_adapted,M2_Macrophage,0.0,0.0,0.0,118630
593,cHL_2_MIBI,level3,Deepcelltypes_adapted,Macrophage,0.0,0.0,0.0,0
594,cHL_2_MIBI,level3,Deepcelltypes_adapted,NK_cell,0.0277337559429477,0.007164790174002,0.0113876687815194,24425
595,cHL_2_MIBI,level3,Deepcelltypes_adapted,Neutrophil,0.178136505239309,0.11210122972732131,0.1376066506234959,84165
596,cHL_2_MIBI,level3,Deepcelltypes_adapted,Other,0.0,0.0,0.0,0
597,cHL_2_MIBI,level3,Deepcelltypes_adapted,Treg,0.2275794029660747,0.1789449977478604,0.2003530202846576,199810
598,cHL_2_MIBI,level3,FlowSOM,B_cell,0.6765802577542062,0.6293422852169589,0.6492688893877793,120645
599,cHL_2_MIBI,level3,FlowSOM,CD4+_T_cell,0.48107511638512357,0.6140210096294135,0.5390083813613098,274160
600,cHL_2_MIBI,level3,FlowSOM,CD8+_T_cell,0.5482046889011739,0.13931402439024387,0.22043638030892226,65600
601,cHL_2_MIBI,level3,FlowSOM,Cancer,0.3177564004674056,0.4399324134046747,0.3679021169322231,35510
602,cHL_2_MIBI,level3,FlowSOM,Dendritic_cell,0.3864249454632003,0.3236481033091202,0.3510980690664765,99120
603,cHL_2_MIBI,level3,FlowSOM,Endothelial,0.9368126675217961,0.25970046479600617,0.4064737603695724,29045
604,cHL_2_MIBI,level3,FlowSOM,M1_Macrophage,0.0,0.0,0.0,24545
605,cHL_2_MIBI,level3,FlowSOM,M2_Macrophage,0.4946091156201943,0.7661468431256849,0.6008310337207311,118630
606,cHL_2_MIBI,level3,FlowSOM,NK_cell,0.13079614173621867,0.00536335721596724,0.01030241594968516,24425
607,cHL_2_MIBI,level3,FlowSOM,Neutrophil,0.8735426208572565,0.6070338026495574,0.7160250610849801,84165
608,cHL_2_MIBI,level3,FlowSOM,Treg,0.6306375985453277,0.4939992993343676,0.5538520369693907,199810
609,cHL_2_MIBI,level3,FlowSOM,undefined,0.3953378741854346,0.671874603376063,0.49713414314093624,78790
610,cHL_2_MIBI,level3,FlowSOM Meta Clusters,B_cell,0.0,0.0,0.0,120645
611,cHL_2_MIBI,level3,FlowSOM Meta Clusters,CD4+_T_cell,0.24046935397064545,0.9822840676976948,0.3863500284303366,274160
612,cHL_2_MIBI,level3,FlowSOM Meta Clusters,CD8+_T_cell,0.0,0.0,0.0,65600
613,cHL_2_MIBI,level3,FlowSOM Meta Clusters,Cancer,0.0,0.0,0.0,35510
614,cHL_2_MIBI,level3,FlowSOM Meta Clusters,Dendritic_cell,0.5298816008315628,0.007364810330911961,0.014506953565709399,99120
615,cHL_2_MIBI,level3,FlowSOM Meta Clusters,Endothelial,0.0,0.0,0.0,29045
616,cHL_2_MIBI,level3,FlowSOM Meta Clusters,M1_Macrophage,0.0,0.0,0.0,24545
617,cHL_2_MIBI,level3,FlowSOM Meta Clusters,M2_Macrophage,0.5812407799840613,0.10179549860912074,0.16836063647141478,118630
618,cHL_2_MIBI,level3,FlowSOM Meta Clusters,NK_cell,0.13079614173621867,0.00536335721596724,0.01030241594968516,24425
619,cHL_2_MIBI,level3,FlowSOM Meta Clusters,Neutrophil,0.8930749934369133,0.03190162181429332,0.061213631055781946,84165
620,cHL_2_MIBI,level3,FlowSOM Meta Clusters,Treg,0.5044163982642728,0.0210449927431059,0.03899863165287526,199810
621,cHL_2_MIBI,level3,FlowSOM Meta Clusters,undefined,0.0,0.0,0.0,78790
622,cHL_2_MIBI,level3,Leiden,B_cell,0.7287342452776047,0.6350532554187907,0.6349651751408448,120645
623,cHL_2_MIBI,level3,Leiden,CD4+_T_cell,0.4562324698137724,0.5076488182083454,0.4758972899604651,274160
624,cHL_2_MIBI,level3,Leiden,CD8+_T_cell,0.3845713024380627,0.048856707317073124,0.08591136876850561,65600
625,cHL_2_MIBI,level3,Leiden,Cancer,0.31376510648363787,0.592171219374824,0.40942178674016405,35510
626,cHL_2_MIBI,level3,Leiden,Dendritic_cell,0.3334406346492906,0.1835653753026634,0.2357444149547486,99120
627,cHL_2_MIBI,level3,Leiden,Endothelial,0.896117272247181,0.6124289894990531,0.7274867062963535,29045
628,cHL_2_MIBI,level3,Leiden,M1_Macrophage,0.0,0.0,0.0,24545
629,cHL_2_MIBI,level3,Leiden,M2_Macrophage,0.43436090704945024,0.7234679254825929,0.5375011144477618,118630
630,cHL_2_MIBI,level3,Leiden,NK_cell,0.0,0.0,0.0,24425
631,cHL_2_MIBI,level3,Leiden,Neutrophil,0.8025607508595536,0.7512861640824571,0.7760177033851345,84165
632,cHL_2_MIBI,level3,Leiden,Treg,0.5653204237348268,0.571988388969521,0.5678712054461619,199810
633,cHL_2_MIBI,level3,Leiden,undefined,0.5263716049460948,0.535029826120066,0.4575658283388365,78790
634,cHL_2_MIBI,level3,,B_cell,0.7899051138352301,0.7664138588420573,0.7732500020556462,120645
635,cHL_2_MIBI,level3,,CD4+_T_cell,0.5275737272346206,0.5280383717537205,0.5264524637687475,274160
636,cHL_2_MIBI,level3,,CD8+_T_cell,0.43975994528538653,0.12896341463414634,0.19930564013998908,65600
637,cHL_2_MIBI,level3,,Cancer,0.30821742823318665,0.6229512813292031,0.4118561705652349,35510
638,cHL_2_MIBI,level3,,Dendritic_cell,0.39614901856715956,0.308363599677159,0.3455032874848423,99120
639,cHL_2_MIBI,level3,,Endothelial,0.9023029547663473,0.6262007230160096,0.7392704490495662,29045
640,cHL_2_MIBI,level3,,M1_Macrophage,0.060167850225952224,0.03797107353839886,0.04655926064693392,24545
641,cHL_2_MIBI,level3,,M2_Macrophage,0.43086328248706246,0.7421984320998061,0.5447750783938137,118630
642,cHL_2_MIBI,level3,,NK_cell,0.13647642679900746,0.0112589559877175,0.0208018154311649,24425
643,cHL_2_MIBI,level3,,Neutrophil,0.7976694233473065,0.75407829858017,0.7752510648818549,84165
644,cHL_2_MIBI,level3,,Treg,0.5691373420328516,0.5752014413693008,0.5717099991712805,199810
645,cHL_2_MIBI,level3,,undefined,0.5430810273530773,0.5352328975758345,0.5265203416633601,78790
646,cHL_2_MIBI,level3,,B_cell,0.822924591232181,0.7551328277176841,0.7839707866891434,120645
647,cHL_2_MIBI,level3,,CD4+_T_cell,0.5430068532750987,0.5331120513568719,0.5373838153046469,274160
648,cHL_2_MIBI,level3,,CD8+_T_cell,0.4703994609667066,0.17641768292682924,0.2534352217751197,65600
649,cHL_2_MIBI,level3,,Cancer,0.31239678461305637,0.5958603210363278,0.40724936106983894,35510
650,cHL_2_MIBI,level3,,Dendritic_cell,0.37454467050668266,0.31795803066989503,0.3417778178980251,99120
651,cHL_2_MIBI,level3,,Endothelial,0.9166810996375835,0.6289206403856086,0.7459864600127589,29045
652,cHL_2_MIBI,level3,,M1_Macrophage,0.0,0.0,0.0,24545
653,cHL_2_MIBI,level3,,M2_Macrophage,0.4436344694500544,0.7378909213521032,0.5537034492362471,118630
654,cHL_2_MIBI,level3,,NK_cell,0.2813588958970836,0.02923234390992834,0.052947345360992285,24425
655,cHL_2_MIBI,level3,,Neutrophil,0.8022920187659025,0.7654131764985446,0.7834167463379631,84165
656,cHL_2_MIBI,level3,,Treg,0.5607143894900963,0.5906661328261849,0.574345139243174,199810
657,cHL_2_MIBI,level3,,undefined,0.5269389703540075,0.5611625840842747,0.5365342028088945,78790
658,cHL_2_MIBI,level3,,B_cell,0.854969541041138,0.7420199759625347,0.7932426991722863,120645
659,cHL_2_MIBI,level3,,CD4+_T_cell,0.5360807266378702,0.5820433323606653,0.5573619981171147,274160
660,cHL_2_MIBI,level3,,CD8+_T_cell,0.516373314511374,0.2513414634146341,0.33726159140639955,65600
661,cHL_2_MIBI,level3,,Cancer,0.32460758625459685,0.6738101943114616,0.4381084687697349,35510
662,cHL_2_MIBI,level3,,Dendritic_cell,0.3933582853048108,0.38357546408393867,0.3852969968042821,99120
663,cHL_2_MIBI,level3,,Endothelial,0.9136591862125145,0.6331554484420726,0.7479677851312613,29045
664,cHL_2_MIBI,level3,,M1_Macrophage,0.24634462111097624,0.05300468527194946,0.0865009537574046,24545
665,cHL_2_MIBI,level3,,M2_Macrophage,0.4939288646422166,0.7019219421731433,0.5795523191506756,118630
666,cHL_2_MIBI,level3,,NK_cell,0.4276588092552056,0.04696008188331624,0.08462587970378624,24425
667,cHL_2_MIBI,level3,,Neutrophil,0.7947642565680655,0.8030060001188142,0.7988531408364954,84165
668,cHL_2_MIBI,level3,,Treg,0.5856963650714802,0.5732195585806517,0.5778620222865429,199810
669,cHL_2_MIBI,level3,,undefined,0.5655603070269315,0.5262469856580785,0.5437237815658126,78790
670,cHL_2_MIBI,level3,Logistic Regression,B_cell,0.8135261373181105,0.7459414565425858,0.7611482559117182,82038
671,cHL_2_MIBI,level3,Logistic Regression,CD4+_T_cell,0.7771196291197826,0.5607244253649991,0.6455267010742256,186429
672,cHL_2_MIBI,level3,Logistic Regression,CD8+_T_cell,0.7354032584755659,0.6274843690340921,0.6737128713070069,44606
673,cHL_2_MIBI,level3,Logistic Regression,Cancer,0.45315069723952994,0.5495574920446534,0.4891110843069703,24148
674,cHL_2_MIBI,level3,Logistic Regression,Dendritic_cell,0.5867937978630493,0.434489803803666,0.4866836684879507,67402
675,cHL_2_MIBI,level3,Logistic Regression,Endothelial,0.7143477164723431,0.8235903080138958,0.7431130881702871,19751
676,cHL_2_MIBI,level3,Logistic Regression,M1_Macrophage,0.2349260085975186,0.5142414808461505,0.3125439875631705,16689
677,cHL_2_MIBI,level3,Logistic Regression,M2_Macrophage,0.6272650347271747,0.6249438844623285,0.5977594136601982,80669
678,cHL_2_MIBI,level3,Logistic Regression,NK_cell,0.5818206835964741,0.6713206297118247,0.610760210504145,16610
679,cHL_2_MIBI,level3,Logistic Regression,Neutrophil,0.7813770765754029,0.6370053348759448,0.6919388484904394,57231
680,cHL_2_MIBI,level3,Logistic Regression,Treg,0.7600693095301537,0.6547540687376661,0.6490938404103397,135870
681,cHL_2_MIBI,level3,Logistic Regression,undefined,0.5193915693834682,0.8090522479622905,0.6237421702108733,53577
682,cHL_2_MIBI,level3,MAPS,B_cell,0.8082089093218917,0.8095378042888222,0.8035878937080685,82038
683,cHL_2_MIBI,level3,MAPS,CD4+_T_cell,0.8188214343535251,0.633653245980164,0.6968607931525717,186429
684,cHL_2_MIBI,level3,MAPS,CD8+_T_cell,0.6941667690330652,0.7252103123049797,0.7026701062614784,44606
685,cHL_2_MIBI,level3,MAPS,Cancer,0.5015325085123546,0.625910324236972,0.5551094866896156,24148
686,cHL_2_MIBI,level3,MAPS,Dendritic_cell,0.6525838683738517,0.6150425227524506,0.6304141853609828,67402
687,cHL_2_MIBI,level3,MAPS,Endothelial,0.835740246984989,0.8796731402763595,0.8558400168112916,19751
688,cHL_2_MIBI,level3,MAPS,M1_Macrophage,0.39745223388660145,0.7048956949368914,0.49739432084511537,16689
689,cHL_2_MIBI,level3,MAPS,M2_Macrophage,0.7323946869230467,0.7235776707439878,0.720701452386551,80669
690,cHL_2_MIBI,level3,MAPS,NK_cell,0.6474746978721082,0.7539902340134905,0.6843934571974845,16610
691,cHL_2_MIBI,level3,MAPS,Neutrophil,0.8126033247648573,0.8295777872574661,0.8181631176238426,57231
692,cHL_2_MIBI,level3,MAPS,Treg,0.7967580974447515,0.6753079440663197,0.7034454349988458,135870
693,cHL_2_MIBI,level3,MAPS,undefined,0.6629366902120866,0.7422435158650929,0.6860871668304349,53577
694,cHL_2_MIBI,level3,Most Frequent,B_cell,0.0,0.0,0.0,82038
695,cHL_2_MIBI,level3,Most Frequent,CD4+_T_cell,0.13237848350791345,0.6,0.2167727434448031,186429
696,cHL_2_MIBI,level3,Most Frequent,CD8+_T_cell,0.0,0.0,0.0,44606
697,cHL_2_MIBI,level3,Most Frequent,Cancer,0.0,0.0,0.0,24148
698,cHL_2_MIBI,level3,Most Frequent,Dendritic_cell,0.0,0.0,0.0,67402
699,cHL_2_MIBI,level3,Most Frequent,Endothelial,0.0,0.0,0.0,19751
700,cHL_2_MIBI,level3,Most Frequent,M1_Macrophage,0.0,0.0,0.0,16689
701,cHL_2_MIBI,level3,Most Frequent,M2_Macrophage,0.011701588258671,0.2,0.022109589927824698,80669
702,cHL_2_MIBI,level3,Most Frequent,NK_cell,0.0,0.0,0.0,16610
703,cHL_2_MIBI,level3,Most Frequent,Neutrophil,0.0,0.0,0.0,57231
704,cHL_2_MIBI,level3,Most Frequent,Treg,0.018674626865671638,0.2,0.0341596592770558,135870
705,cHL_2_MIBI,level3,Most Frequent,undefined,0.0,0.0,0.0,53577
706,cHL_2_MIBI,level3,,B_cell,0.6432732933066488,0.5994446516639728,0.6205860900158751,120645
707,cHL_2_MIBI,level3,,CD4+_T_cell,0.3123548104695007,0.8263969944557923,0.4533544104331644,274160
708,cHL_2_MIBI,level3,,CD8+_T_cell,0.0,0.0,0.0,65600
709,cHL_2_MIBI,level3,,Cancer,0.24685260507456902,0.3589129822585187,0.2925177874684416,35510
710,cHL_2_MIBI,level3,,Dendritic_cell,0.2635969613645896,0.2853107344632768,0.2740243695646908,99120
711,cHL_2_MIBI,level3,,Endothelial,0.9574468085106383,0.061972800826304,0.116410670978173,29045
712,cHL_2_MIBI,level3,,M1_Macrophage,0.0,0.0,0.0,24545
713,cHL_2_MIBI,level3,,M2_Macrophage,0.3735711216158143,0.3663913006827952,0.3699463784151843,118630
714,cHL_2_MIBI,level3,,NK_cell,0.0,0.0,0.0,24425
715,cHL_2_MIBI,level3,,Neutrophil,0.8559322033898307,0.4020079605536743,0.5470714256841425,84165
716,cHL_2_MIBI,level3,,Treg,0.0,0.0,0.0,199810
717,cHL_2_MIBI,level3,,undefined,0.0,0.0,0.0,78790
718,cHL_2_MIBI,level3,,B_cell,0.6443414428650924,0.5385138215425421,0.5855881822158328,120645
719,cHL_2_MIBI,level3,,CD4+_T_cell,0.3744669971217066,0.7025058360081704,0.4842875048353899,274160
720,cHL_2_MIBI,level3,,CD8+_T_cell,0.6977091723380479,0.1937042682926829,0.3027672535352369,65600
721,cHL_2_MIBI,level3,,Cancer,0.27315040178784766,0.34978879188960854,0.3054565072322403,35510
722,cHL_2_MIBI,level3,,Dendritic_cell,0.4806737716410246,0.2202784503631961,0.3020696627579006,99120
723,cHL_2_MIBI,level3,,Endothelial,0.41668279919863405,0.06796350490618,0.11514735117315207,29045
724,cHL_2_MIBI,level3,,M1_Macrophage,0.0,0.0,0.0,24545
725,cHL_2_MIBI,level3,,M2_Macrophage,0.3554207481115155,0.4188232318974964,0.36592676102024696,118630
726,cHL_2_MIBI,level3,,NK_cell,0.0,0.0,0.0,24425
727,cHL_2_MIBI,level3,,Neutrophil,0.7800743648424755,0.3839600784173943,0.5130604070276824,84165
728,cHL_2_MIBI,level3,,Treg,0.5871336572288732,0.5978329412942295,0.5922013863547632,199810
729,cHL_2_MIBI,level3,,undefined,0.2731987616223802,0.05741845411854292,0.09166808100973298,78790
730,cHL_2_MIBI,level3,Nimbus,B_cell,0.6413359148112294,0.6040449251937503,0.6221321097001388,120645
731,cHL_2_MIBI,level3,Nimbus,CD4+_T_cell,0.4335611141397365,0.6236868981616575,0.5115287676970136,274160
732,cHL_2_MIBI,level3,Nimbus,CD8+_T_cell,0.4903786468032278,0.0602134146341463,0.10725680537641699,65600
733,cHL_2_MIBI,level3,Nimbus,Cancer,0.2401865762054761,0.5582934384680371,0.3358746293943244,35510
734,cHL_2_MIBI,level3,Nimbus,Dendritic_cell,0.46299148763680587,0.2880851493139629,0.3551727354706303,99120
735,cHL_2_MIBI,level3,Nimbus,Endothelial,0.3216539717083786,0.2544327767257703,0.2841214917339484,29045
736,cHL_2_MIBI,level3,Nimbus,M1_Macrophage,0.0,0.0,0.0,24545
737,cHL_2_MIBI,level3,Nimbus,M2_Macrophage,0.4226550079491256,0.4482002866054118,0.4350529804033874,118630
738,cHL_2_MIBI,level3,Nimbus,NK_cell,0.0,0.0,0.0,24425
739,cHL_2_MIBI,level3,Nimbus,Neutrophil,0.8004626951995373,0.493316699340581,0.6104311390450987,84165
740,cHL_2_MIBI,level3,Nimbus,Treg,0.5599933035180447,0.5859316350533006,0.572668908590645,199810
741,cHL_2_MIBI,level3,Nimbus,undefined,0.2675547661338069,0.2867749714430765,0.2768316589071306,78790
742,cHL_2_MIBI,level3,,B_cell,0.5174617846537722,0.6854407559368395,0.5889768745808854,120645
743,cHL_2_MIBI,level3,,CD4+_T_cell,0.44715226795048224,0.6017033848847388,0.5128225868215053,274160
744,cHL_2_MIBI,level3,,CD8+_T_cell,0.45391329530492375,0.2145884146341463,0.2724809190287764,65600
745,cHL_2_MIBI,level3,,Cancer,0.25574585389780724,0.47243030132357083,0.331167302512777,35510
746,cHL_2_MIBI,level3,,Dendritic_cell,0.39898502009692205,0.3593220338983051,0.37458214869794937,99120
747,cHL_2_MIBI,level3,,Endothelial,0.8915928764194829,0.3032880013771734,0.4525925129715488,29045
748,cHL_2_MIBI,level3,,M1_Macrophage,0.0,0.0,0.0,24545
749,cHL_2_MIBI,level3,,M2_Macrophage,0.40358598307891624,0.4876928264351344,0.4397689521012783,118630
750,cHL_2_MIBI,level3,,NK_cell,0.0,0.0,0.0,24425
751,cHL_2_MIBI,level3,,Neutrophil,0.7554237829685647,0.5288896809837819,0.6221437422142095,84165
752,cHL_2_MIBI,level3,,Treg,0.6025617613114721,0.5595315549772284,0.577506472107551,199810
753,cHL_2_MIBI,level3,,undefined,0.3051427141090818,0.1326564284807716,0.16931905244155357,78790
754,cHL_2_MIBI,level3,,B_cell,0.836122124500194,0.7459737245638028,0.7884410304860314,120645
755,cHL_2_MIBI,level3,,CD4+_T_cell,0.524163795879474,0.5906915669681938,0.5550938562048506,274160
756,cHL_2_MIBI,level3,,CD8+_T_cell,0.4825077471761845,0.2186585365853658,0.2991717752513355,65600
757,cHL_2_MIBI,level3,,Cancer,0.3172620783007646,0.6892987890735005,0.43306379417840324,35510
758,cHL_2_MIBI,level3,,Dendritic_cell,0.3647474940046717,0.33513922518159805,0.3460702004669246,99120
759,cHL_2_MIBI,level3,,Endothelial,0.901936002138989,0.6594250301256671,0.7618317391768178,29045
760,cHL_2_MIBI,level3,,M1_Macrophage,0.1472,0.026237522917091038,0.04453665283540802,24545
761,cHL_2_MIBI,level3,,M2_Macrophage,0.519096518882499,0.6519598752423501,0.5760641843895425,118630
762,cHL_2_MIBI,level3,,NK_cell,0.7076679453805297,0.08491299897645851,0.1511014867342725,24425
763,cHL_2_MIBI,level3,,Neutrophil,0.7844044730667055,0.81941424582665,0.8015138952858882,84165
764,cHL_2_MIBI,level3,,Treg,0.5674639703315214,0.5962063960762725,0.5810383790695506,199810
765,cHL_2_MIBI,level3,,undefined,0.5958220492074384,0.5012945805305242,0.5381109599294663,78790
766,cHL_2_MIBI,level3,,B_cell,0.8568066249846892,0.7460483235940154,0.7972919811924022,120645
767,cHL_2_MIBI,level3,,CD4+_T_cell,0.5330380126409057,0.5726364166909834,0.5516134734333753,274160
768,cHL_2_MIBI,level3,,CD8+_T_cell,0.4775442136410101,0.18452743902439023,0.265089826766994,65600
769,cHL_2_MIBI,level3,,Cancer,0.3056259158699685,0.6645170374542382,0.4172157079971971,35510
770,cHL_2_MIBI,level3,,Dendritic_cell,0.3586092355513237,0.3757465698143664,0.36365100426887736,99120
771,cHL_2_MIBI,level3,,Endothelial,0.9099604192361668,0.6435186779135823,0.7538758192521475,29045
772,cHL_2_MIBI,level3,,M1_Macrophage,0.08474095102909865,0.02432267264208596,0.03779677113010446,24545
773,cHL_2_MIBI,level3,,M2_Macrophage,0.491809189449136,0.6478883924808228,0.5541780078409463,118630
774,cHL_2_MIBI,level3,,NK_cell,0.47947678596086585,0.06816786079836232,0.11850090554789491,24425
775,cHL_2_MIBI,level3,,Neutrophil,0.7864760342131643,0.8196993999881185,0.802734095151701,84165
776,cHL_2_MIBI,level3,,Treg,0.5676353958509391,0.5708022621490416,0.5682881415650569,199810
777,cHL_2_MIBI,level3,,undefined,0.5709816158756078,0.5178195202436857,0.5317329693972074,78790
778,cHL_2_MIBI,level3,,B_cell,0.8617718974232167,0.7488499316175556,0.801287874433697,120645
779,cHL_2_MIBI,level3,,CD4+_T_cell,0.5242479294243341,0.5834622118470966,0.551657329803937,274160
780,cHL_2_MIBI,level3,,CD8+_T_cell,0.4683550421227592,0.1727743902439024,0.2509184266433369,65600
781,cHL_2_MIBI,level3,,Cancer,0.304667917119619,0.7107293720078851,0.42649203778237144,35510
782,cHL_2_MIBI,level3,,Dendritic_cell,0.3417218148964193,0.36011904761904756,0.34599548590075313,99120
783,cHL_2_MIBI,level3,,Endothelial,0.9140993698401937,0.6312274057496987,0.7467676947183222,29045
784,cHL_2_MIBI,level3,,M1_Macrophage,0.0,0.0,0.0,24545
785,cHL_2_MIBI,level3,,M2_Macrophage,0.5275027967710116,0.6319227851302369,0.5742459106965834,118630
786,cHL_2_MIBI,level3,,NK_cell,0.7131751986847753,0.06992835209825994,0.12660938981153025,24425
787,cHL_2_MIBI,level3,,Neutrophil,0.7924630754803168,0.8102893126596566,0.8012562843509603,84165
788,cHL_2_MIBI,level3,,Treg,0.5617427968650228,0.5917821930834293,0.5760448550820467,199810
789,cHL_2_MIBI,level3,,undefined,0.547116250420704,0.4964081736260947,0.5175542825167643,78790
790,cHL_2_MIBI,level3,Phenograph,B_cell,0.8738338453343172,0.7451531352314642,0.8042700722217451,120645
791,cHL_2_MIBI,level3,Phenograph,CD4+_T_cell,0.5450412426660319,0.5557885906040269,0.5485824393182142,274160
792,cHL_2_MIBI,level3,Phenograph,CD8+_T_cell,0.46878145540051863,0.14649390243902435,0.22319123860429171,65600
793,cHL_2_MIBI,level3,Phenograph,Cancer,0.3065070565280571,0.7108983384961982,0.42829552935648446,35510
794,cHL_2_MIBI,level3,Phenograph,Dendritic_cell,0.3821466136187833,0.4828692493946731,0.4265032339142997,99120
795,cHL_2_MIBI,level3,Phenograph,Endothelial,0.9295299647943563,0.6040282320537098,0.7322291393585079,29045
796,cHL_2_MIBI,level3,Phenograph,M1_Macrophage,0.0,0.0,0.0,24545
797,cHL_2_MIBI,level3,Phenograph,M2_Macrophage,0.46503568882107504,0.6704880721571272,0.5473963097715867,118630
798,cHL_2_MIBI,level3,Phenograph,NK_cell,0.6514706491901657,0.046509723643807524,0.08654452167869858,24425
799,cHL_2_MIBI,level3,Phenograph,Neutrophil,0.7995611018117995,0.8018059763559675,0.8006678705784755,84165
800,cHL_2_MIBI,level3,Phenograph,Treg,0.5736805035890036,0.5546969621140083,0.563168058988551,199810
801,cHL_2_MIBI,level3,Phenograph,undefined,0.5445426909386859,0.49060794517070694,0.5152248991220969,78790
802,cHL_2_MIBI,level3,Random Forest,B_cell,0.7904044660760586,0.8340060252023216,0.7955282601938459,82038
803,cHL_2_MIBI,level3,Random Forest,CD4+_T_cell,0.6771163341486933,0.8336078316628732,0.7397096263504388,186429
804,cHL_2_MIBI,level3,Random Forest,CD8+_T_cell,0.7891735738180229,0.6468800818001557,0.6736127759140966,44606
805,cHL_2_MIBI,level3,Random Forest,Cancer,0.5717891617701544,0.5059837087301157,0.523145301029935,24148
806,cHL_2_MIBI,level3,Random Forest,Dendritic_cell,0.6774824071393944,0.5914632005786301,0.6172931691875846,67402
807,cHL_2_MIBI,level3,Random Forest,Endothelial,0.8971029672400714,0.8819365722507193,0.8878111307610583,19751
808,cHL_2_MIBI,level3,Random Forest,M1_Macrophage,0.7586181916115384,0.41437285477386726,0.51915336389851,16689
809,cHL_2_MIBI,level3,Random Forest,M2_Macrophage,0.7813334258919,0.7268665076481226,0.7446930573167221,80669
810,cHL_2_MIBI,level3,Random Forest,NK_cell,0.8302370479528834,0.6571840007473694,0.7289140637506419,16610
811,cHL_2_MIBI,level3,Random Forest,Neutrophil,0.8561738436072671,0.7238135404827323,0.7480457133383664,57231
812,cHL_2_MIBI,level3,Random Forest,Treg,0.7653662974268836,0.7174456112074055,0.7315127020133978,135870
813,cHL_2_MIBI,level3,Random Forest,undefined,0.7101188246610531,0.7781630029178392,0.7389188420524472,53577
814,cHL_2_MIBI,level3,RIBCA,B_cell,0.435055120910384,0.81122300965643,0.5663691208171178,120645
815,cHL_2_MIBI,level3,RIBCA,CD4+_T_cell,0.4778860429428716,0.6985701779982492,0.5675297255250583,274160
816,cHL_2_MIBI,level3,RIBCA,CD8+_T_cell,0.7153987167736022,0.3569359756097561,0.47625343231973966,65600
817,cHL_2_MIBI,level3,RIBCA,Cancer,0.12003610108303239,0.11236271472824551,0.11607272727272719,35510
818,cHL_2_MIBI,level3,RIBCA,Dendritic_cell,0.5246495147126791,0.3435734463276836,0.4152289215387429,99120
819,cHL_2_MIBI,level3,RIBCA,Endothelial,0.7718808193668529,0.1427095885694611,0.2408833357547581,29045
820,cHL_2_MIBI,level3,RIBCA,Epithelial,0.0,0.0,0.0,0
821,cHL_2_MIBI,level3,RIBCA,M1_Macrophage,0.3736591179976162,0.2554491749847219,0.3034482758620689,24545
822,cHL_2_MIBI,level3,RIBCA,M2_Macrophage,0.3792491521413361,0.8106718368035069,0.5167512963112222,118630
823,cHL_2_MIBI,level3,RIBCA,Mast_cell,0.0,0.0,0.0,0
824,cHL_2_MIBI,level3,RIBCA,NK_cell,0.5948406676783005,0.0802456499488229,0.1414141414141414,24425
825,cHL_2_MIBI,level3,RIBCA,Neutrophil,0.7379595046196187,0.6690429513455712,0.7018134230697327,84165
826,cHL_2_MIBI,level3,RIBCA,Plasma_cell,0.0,0.0,0.0,0
827,cHL_2_MIBI,level3,RIBCA,Stromal,0.0,0.0,0.0,0
828,cHL_2_MIBI,level3,RIBCA,Treg,0.7639872953823601,0.0782493368700265,0.1419589149926228,199810
829,cHL_2_MIBI,level3,RIBCA,undefined,0.3729662077596996,0.0189110293184414,0.0359968593344204,78790
830,cHL_2_MIBI,level3,RIBCA_adapted,B_cell,0.4642679253338393,0.81122300965643,0.5905566450445014,120645
831,cHL_2_MIBI,level3,RIBCA_adapted,CD4+_T_cell,0.4910202668922817,0.6985701779982492,0.5766894257044135,274160
832,cHL_2_MIBI,level3,RIBCA_adapted,CD8+_T_cell,0.726948152747594,0.3569359756097561,0.4787854002658215,65600
833,cHL_2_MIBI,level3,RIBCA_adapted,Cancer,0.1731019522776572,0.11236271472824551,0.1362704918032787,35510
834,cHL_2_MIBI,level3,RIBCA_adapted,Dendritic_cell,0.5395278833967047,0.3435734463276836,0.419810157790927,99120
835,cHL_2_MIBI,level3,RIBCA_adapted,Endothelial,0.8680628272251308,0.1427095885694611,0.24512123004139558,29045
836,cHL_2_MIBI,level3,RIBCA_adapted,M1_Macrophage,0.384426732066217,0.2554491749847219,0.3069391751315628,24545
837,cHL_2_MIBI,level3,RIBCA_adapted,M2_Macrophage,0.42443233223735016,0.8106718368035069,0.5571600307055024,118630
838,cHL_2_MIBI,level3,RIBCA_adapted,NK_cell,0.7127272727272728,0.0802456499488229,0.1442502299908003,24425
839,cHL_2_MIBI,level3,RIBCA_adapted,Neutrophil,0.7975920679886686,0.6690429513455712,0.7276839078603043,84165
840,cHL_2_MIBI,level3,RIBCA_adapted,Other,0.0,0.0,0.0,0
841,cHL_2_MIBI,level3,RIBCA_adapted,Treg,0.8616698815100579,0.0782493368700265,0.1434699823358032,199810
842,cHL_2_MIBI,level3,Scyan,B_cell,0.677672883234229,0.8003481288076589,0.730183518665779,120645
843,cHL_2_MIBI,level3,Scyan,CD4+_T_cell,0.6669000393750613,0.39991245987744384,0.49752745925806197,274160
844,cHL_2_MIBI,level3,Scyan,CD8+_T_cell,0.41652706462123695,0.6088719512195121,0.48553425426428304,65600
845,cHL_2_MIBI,level3,Scyan,Cancer,0.27819985772755185,0.5669670515347789,0.3666642863383184,35510
846,cHL_2_MIBI,level3,Scyan,Dendritic_cell,0.46890314878997613,0.3397699757869249,0.3875196482968465,99120
847,cHL_2_MIBI,level3,Scyan,Endothelial,0.40247713182687833,0.9458082286107764,0.5627586615082124,29045
848,cHL_2_MIBI,level3,Scyan,M1_Macrophage,0.1285501122334497,0.5284171929109798,0.20626234246374525,24545
849,cHL_2_MIBI,level3,Scyan,M2_Macrophage,0.44985315262526077,0.5602545730422321,0.49566754978286076,118630
850,cHL_2_MIBI,level3,Scyan,NK_cell,0.32785236286084984,0.6223950870010235,0.4228074029337111,24425
851,cHL_2_MIBI,level3,Scyan,Neutrophil,0.6441202533528116,0.8658824927226283,0.7384142942363855,84165
852,cHL_2_MIBI,level3,Scyan,Treg,0.7259840431878816,0.3924278064160952,0.5062644271878634,199810
853,cHL_2_MIBI,level3,Scyan,undefined,0.02784245884038456,0.00035537504759481996,0.0007012457370675,78790
854,cHL_2_MIBI,level3,Starling,B_cell,0.0,0.0,0.0,120645
855,cHL_2_MIBI,level3,Starling,CD4+_T_cell,0.36365653892471905,0.4304201925882696,0.39022978590513124,274160
856,cHL_2_MIBI,level3,Starling,CD8+_T_cell,0.274292512460988,0.41695121951219505,0.3281451930604425,65600
857,cHL_2_MIBI,level3,Starling,Cancer,0.04723346828609986,0.014784567727400718,0.0225201072386059,35510
858,cHL_2_MIBI,level3,Starling,Dendritic_cell,0.7,4.035512510088781e-05,8.070516138574001e-05,99120
859,cHL_2_MIBI,level3,Starling,Endothelial,0.0,0.0,0.0,29045
860,cHL_2_MIBI,level3,Starling,M1_Macrophage,0.0,0.0,0.0,24545
861,cHL_2_MIBI,level3,Starling,M2_Macrophage,0.3052871548241088,0.37719801062125935,0.3369327587449945,118630
862,cHL_2_MIBI,level3,Starling,NK_cell,0.0,0.0,0.0,24425
863,cHL_2_MIBI,level3,Starling,Neutrophil,0.32738113486499076,0.29483752153507986,0.29463530920693043,84165
864,cHL_2_MIBI,level3,Starling,Treg,0.4028615262564673,0.6110655122366249,0.47915838354656015,199810
865,cHL_2_MIBI,level3,Starling,undefined,0.2681053603945422,0.6565046325675847,0.3804237277705801,78790
866,cHL_2_MIBI,level3,Stratified sampler,B_cell,0.1040969187191693,0.11283198747432507,0.0676383077722708,82038
867,cHL_2_MIBI,level3,Stratified sampler,CD4+_T_cell,0.23804933136453665,0.2518719355695493,0.23031642191988544,186429
868,cHL_2_MIBI,level3,Stratified sampler,CD8+_T_cell,0.0560986331718051,0.06005369622296314,0.04859491066886784,44606
869,cHL_2_MIBI,level3,Stratified sampler,Cancer,0.02363795251093774,0.031508347029942964,0.02190491513850272,24148
870,cHL_2_MIBI,level3,Stratified sampler,Dendritic_cell,0.08603632137086112,0.0871683474240598,0.0811687353063551,67402
871,cHL_2_MIBI,level3,Stratified sampler,Endothelial,0.028408215105599145,0.02781373355230098,0.026606305742537577,19751
872,cHL_2_MIBI,level3,Stratified sampler,M1_Macrophage,0.0228891270210899,0.0248042906687796,0.02209635897107064,16689
873,cHL_2_MIBI,level3,Stratified sampler,M2_Macrophage,0.10302039951365227,0.0949797191091602,0.06548421724831298,80669
874,cHL_2_MIBI,level3,Stratified sampler,NK_cell,0.02246351266981274,0.0216535033296187,0.02045389935935786,16610
875,cHL_2_MIBI,level3,Stratified sampler,Neutrophil,0.07522659358763736,0.06918407771111743,0.04601908956813201,57231
876,cHL_2_MIBI,level3,Stratified sampler,Treg,0.17318500638856568,0.16189325239276392,0.12997050566219848,135870
877,cHL_2_MIBI,level3,Stratified sampler,undefined,0.06852166107407268,0.06243184442514702,0.04365397967192426,53577
878,cHL_2_MIBI,level3,Tacit,B_cell,0.7919477346364264,0.61792863359443,0.6941987149641493,120645
879,cHL_2_MIBI,level3,Tacit,CD4+_T_cell,0.4981052631578947,0.4314998540997957,0.4624164484227807,274160
880,cHL_2_MIBI,level3,Tacit,CD8+_T_cell,0.23983206507478352,0.2786585365853659,0.2577915667747849,65600
881,cHL_2_MIBI,level3,Tacit,Cancer,0.40781648258283776,0.3379329766263024,0.3696003696003696,35510
882,cHL_2_MIBI,level3,Tacit,Dendritic_cell,0.2935645715640185,0.3748486682808716,0.3292642399805038,99120
883,cHL_2_MIBI,level3,Tacit,Endothelial,0.7166059502125076,0.8127044241693924,0.761635879648302,29045
884,cHL_2_MIBI,level3,Tacit,M1_Macrophage,0.2505406943653955,0.44836015481768177,0.3214546516722652,24545
885,cHL_2_MIBI,level3,Tacit,M2_Macrophage,0.4181226333621205,0.7958357919581893,0.548218044567032,118630
886,cHL_2_MIBI,level3,Tacit,NK_cell,0.9521345407503234,0.1506653019447287,0.2601626016260163,24425
887,cHL_2_MIBI,level3,Tacit,Neutrophil,0.7403840255199068,0.7169844947424702,0.7284964085229674,84165
888,cHL_2_MIBI,level3,Tacit,Treg,0.829027962716378,0.3115960162154046,0.45294823760503433,199810
889,cHL_2_MIBI,level3,Tacit,undefined,0.3708323527104417,0.5999492321360579,0.4583535343740909,78790
890,cHL_2_MIBI,level3,Tribus,B_cell,0.7905419153034947,0.49251973436912666,0.6061633060173921,119715
891,cHL_2_MIBI,level3,Tribus,CD4+_T_cell,0.6675160171594104,0.41599647945431534,0.5017634883881226,272685
892,cHL_2_MIBI,level3,Tribus,CD8+_T_cell,0.5714432567873102,0.26716161300406377,0.3563679860866071,63980
893,cHL_2_MIBI,level3,Tribus,Cancer,0.26918797726319565,0.42546805773903096,0.28496825724534514,34985
894,cHL_2_MIBI,level3,Tribus,Dendritic_cell,0.23698083903887035,0.4046194817166854,0.29186834045746973,97630
895,cHL_2_MIBI,level3,Tribus,Endothelial,0.7199031828611904,0.8123994997319993,0.75994308862308,27985
896,cHL_2_MIBI,level3,Tribus,M1_Macrophage,0.2893944239377208,0.33806689924071415,0.3078228915949029,24365
897,cHL_2_MIBI,level3,Tribus,M2_Macrophage,0.30724563279511113,0.8744237569766946,0.4498238724694004,117355
898,cHL_2_MIBI,level3,Tribus,NK_cell,0.7796338435909989,0.3654326302195437,0.48432109182536076,23230
899,cHL_2_MIBI,level3,Tribus,Neutrophil,0.7560916003364555,0.6374706130568449,0.6860849596408907,82945
900,cHL_2_MIBI,level3,Tribus,Treg,0.8657103544187479,0.29232169034019106,0.4293469026839783,197830
901,cHL_2_MIBI,level3,Tribus,undefined,0.01028287393689652,0.0005839045443005199,0.0010797827921456,78780
902,cHL_2_MIBI,level3,XGBoost,B_cell,0.8156975970974006,0.8622198667313363,0.8331721001251495,82038
903,cHL_2_MIBI,level3,XGBoost,CD4+_T_cell,0.8527537560822205,0.7318211282007503,0.784054273150661,186429
904,cHL_2_MIBI,level3,XGBoost,CD8+_T_cell,0.7729742515373237,0.7843563868383139,0.7773274546248964,44606
905,cHL_2_MIBI,level3,XGBoost,Cancer,0.5689303735385796,0.6168346498549202,0.5903843498566859,24148
906,cHL_2_MIBI,level3,XGBoost,Dendritic_cell,0.6752692719076994,0.7584305540783234,0.709759985418206,67402
907,cHL_2_MIBI,level3,XGBoost,Endothelial,0.9005708787938221,0.9333071753887466,0.9165112772973922,19751
908,cHL_2_MIBI,level3,XGBoost,M1_Macrophage,0.6152840962403228,0.7590368853378882,0.6717715139337639,16689
909,cHL_2_MIBI,level3,XGBoost,M2_Macrophage,0.8199688008323582,0.7861412430451893,0.8007832682862862,80669
910,cHL_2_MIBI,level3,XGBoost,NK_cell,0.7792333269536529,0.8314784582978785,0.8014656230365457,16610
911,cHL_2_MIBI,level3,XGBoost,Neutrophil,0.8595909704125584,0.8432652996326754,0.8465117856951304,57231
912,cHL_2_MIBI,level3,XGBoost,Treg,0.7962120389165307,0.7926143185039882,0.7877958259739415,135870
913,cHL_2_MIBI,level3,XGBoost,undefined,0.7978657716930242,0.8135058850319391,0.8039041780091626,53577
