method;dataset;level;Weighted F1;Hierarchical F1;Macro F1;MCC;ARI;JSD Scaled;Overall Performance;Stability;Scalability
CellLENS_Lite;cHL_2_MIBI;level_1;0.8567535003195254;;0.4440796920738522;0.3875390746449053;0.4100737178604749;0.7749342524482511;0.42920232111750367;0.9654111156028528;0.6110709722222223
CellLENS_Lite;cHL_2_MIBI;level_2;0.7294201194486736;;0.6124572284128994;0.5233155763846694;0.386249737325098;0.8934677546570379;0.4819778896161539;0.9444370075729864;0.6110709722222223
CellLENS_Lite;cHL_2_MIBI;level_3;0.532263450565873;0.7148653537700383;0.5081793456552626;0.4832002686818534;0.2611978660673753;0.80128100411892;0.40048762473762334;0.904289916791864;0.6110709722222223
FuseSOM;cHL_2_MIBI;level_1;0.8376248744473205;;0.3043179490571749;0.2717646970632251;0.4041762537940251;0.696801766641025;0.36518682143609627;1.0;0.6235795833333333
FuseSOM;cHL_2_MIBI;level_2;0.7123338599549123;;0.5102388627957458;0.5012638390379154;0.3327426051158563;0.8628137663673237;0.4464310183328655;1.0;0.6235795833333333
FuseSOM;cHL_2_MIBI;level_3;0.4066927838149204;0.6786285060908538;0.3341887881413045;0.3637115843320348;0.1898166570176981;0.6703405544317758;0.3002771189982841;1.0;0.6235795833333333
Astir;cHL_2_MIBI;level_1;0.7128470791163996;;0.3153127223509941;0.0902983616965646;0.0633048728706082;0.5679468072126724;0.268395756163305;0.8884442125156976;0.8572588194444444
Astir;cHL_2_MIBI;level_2;0.579221130475765;;0.3342485256840998;0.2932211808174712;0.1722968685151202;0.5634443971236249;0.2995663993124812;0.9631731121393332;0.8572588194444444
Astir;cHL_2_MIBI;level_3;0.446389847426696;0.5021452773948658;0.401245158796649;0.3473405802038817;0.1767013379926148;0.5308328871426766;0.2989755768849079;0.9228623587644126;0.8572588194444444
CellLENS_Full;cHL_2_MIBI;level_1;0.8497983558014747;;0.4131269567222622;0.3416716486424849;0.3840893261883574;0.7536849377008444;0.40809679662035525;0.9649543252374402;0.3083576388888889
CellLENS_Full;cHL_2_MIBI;level_2;0.6999444719285227;;0.5750719365181035;0.4679008637853908;0.3220304782347569;0.8800136636263108;0.4519497534632004;0.9177943240948668;0.3083576388888889
CellLENS_Full;cHL_2_MIBI;level_3;0.4904612932842599;0.6872173456260053;0.46147561930707;0.4370236888899745;0.2156106469324722;0.7487976378952237;0.36527823686691513;0.8795794017218586;0.3083576388888889
CellSighter;cHL_2_MIBI;level_1;0.823712289056389;;0.3984947432084108;0.3179958871797481;0.3663044926894975;0.6825281155429431;0.386299825606967;0.8442934851976075;0.3083576388888889
CellSighter;cHL_2_MIBI;level_2;0.7127841779993498;;0.579199457444752;0.5036155697476007;0.3437478374293303;0.8662283229873712;0.4620556996711975;0.7861784160977567;0.3083576388888889
CellSighter;cHL_2_MIBI;level_3;0.5408956625578207;0.674214815632091;0.5036940339091054;0.4710188002619069;0.2734985184917498;0.8103576237492767;0.400608669172707;0.636100928298519;0.3083576388888889
Deepcelltypes;cHL_2_MIBI;level_1;0.6220538260429899;;0.034791082618751;0.0165281730904969;0.0141371509888686;0.5812018452535082;0.18066765681825842;1.0;0.9471981597222222
Deepcelltypes;cHL_2_MIBI;level_2;0.4047929514951577;;0.0332294633232064;0.0868259901026942;0.0317074905742213;0.5549013885583944;0.1579027287973504;1.0;0.9471981597222222
Deepcelltypes;cHL_2_MIBI;level_3;0.1055390194744106;0.2933473907994982;0.018142490343647;0.0222562995362707;0.0091873521957007;0.3460055569246181;0.06722165609849946;1.0;0.9471981597222222
Deepcelltypes_adapted;cHL_2_MIBI;level_1;0.6825993314763501;;0.2024302787860549;-0.0001970252313185;0.0005232453974802;0.5950555640484174;0.22111107106477182;1.0;0.9471981597222222
Deepcelltypes_adapted;cHL_2_MIBI;level_2;0.4431631849146054;;0.191408039104474;0.0909549090939845;0.0320591682177104;0.5922626957048938;0.20101495616803267;1.0;0.9471981597222222
Deepcelltypes_adapted;cHL_2_MIBI;level_3;0.1273581025389814;0.3208751876764494;0.0655623723546002;0.0266250086492462;0.0107767077870704;0.4154008442150037;0.08952501053577237;1.0;0.9471981597222222
FlowSOM;cHL_2_MIBI;level_1;0.8311364500339753;;0.3397492896958007;0.3064441072933508;0.4266538731947379;0.6880125350811576;0.3789143254685843;0.984450075401516;0.6247115972222222
FlowSOM;cHL_2_MIBI;level_2;0.7369696030319569;;0.5568328589154186;0.5404711428837958;0.3931442917795059;0.9006874296811663;0.4769099717490564;0.9878806165879008;0.6247115972222222
FlowSOM;cHL_2_MIBI;level_3;0.5040206598335514;0.6990986268600775;0.4093610240243339;0.4467175329348429;0.2339604467188241;0.7734255595593345;0.3633869198498297;0.9816056441309144;0.6247115972222222
FlowSOM Meta Clusters;cHL_2_MIBI;level_1;0.8178577182376522;;0.2334516253414267;0.0;0.0;0.7449499461693339;0.26694155352662974;1.0;0.6247115972222222
FlowSOM Meta Clusters;cHL_2_MIBI;level_2;0.4759429624800627;;0.1722493795467118;0.1237602874793166;0.0153079387413912;0.5614565061986095;0.20395222324516016;0.9446836291589789;0.6247115972222222
FlowSOM Meta Clusters;cHL_2_MIBI;level_3;0.1217279937064477;0.5553369388593606;0.0566443580938169;0.0740180464781253;0.0026282709304257;0.2941599406850129;0.08111841446405568;0.9644281575474184;0.6247115972222222
Logistic Regression;cHL_2_MIBI;level_1;0.8513679641685308;;0.4331560891523718;0.4236124972521596;0.5246136624331739;0.6937925462063587;0.4327967900872881;0.7601650895164767;0.6249465972222222
Logistic Regression;cHL_2_MIBI;level_2;0.7834618156978516;;0.685905581466867;0.6374483642996718;0.484608444327215;0.883977941396069;0.5348707081786694;0.6245433563174818;0.6249465972222222
Logistic Regression;cHL_2_MIBI;level_3;0.6425076142240813;0.7588450040589226;0.607094511674777;0.5988874354795548;0.4017999374971682;0.8226340012676097;0.47485768285860597;0.5802230127696841;0.6249465972222222
MAPS;cHL_2_MIBI;level_1;0.9213366627021984;;0.7630994697222393;0.6843710570272274;0.6406851242903707;0.9419300242270516;0.601194384232721;0.8027565966055996;0.6116916840277777
MAPS;cHL_2_MIBI;level_2;0.8398162470847199;;0.7585602789570578;0.7256212753080084;0.5957537708267652;0.930820118146656;0.5905656262303084;0.7017315638832833;0.6116916840277777
MAPS;cHL_2_MIBI;level_3;0.7171140541395257;0.8208975351390062;0.6962222859888569;0.6818384929166517;0.4976792660554954;0.8784610523800829;0.5355800720134754;0.5371629940111129;0.6116916840277777
Most Frequent;cHL_2_MIBI;level_1;0.8186432815663979;;0.2334844843424915;0.0;0.0;0.7463249882764676;0.2672388205122981;0.8333925544211905;0.5
Most Frequent;cHL_2_MIBI;level_2;0.3487747397279022;;0.1308563485201013;0.0;0.0;0.442010757494379;0.1350165189598101;0.2260851415142893;0.5
Most Frequent;cHL_2_MIBI;level_3;0.0524674046148286;0.448288916512865;0.0227534993874736;0.0;0.0;0.1830151074927369;0.03490729751499572;0.8066762141589922;0.5
Random Forest;cHL_2_MIBI;level_1;0.8828960263993337;;0.4751122572167556;0.5041355568375547;0.6774140408783783;0.7293173411863941;0.47882413124739304;0.8310702927013142;0.6247924131944445
Random Forest;cHL_2_MIBI;level_2;0.8510217128098141;;0.770126334202691;0.739312944213933;0.6286540755006602;0.931242364917916;0.6000927395630978;0.7516099144204057;0.6247924131944445
Random Forest;cHL_2_MIBI;level_3;0.7228994087438387;0.8388231030843603;0.704028167150587;0.6900867673793641;0.499009850470601;0.879503790011721;0.539948135144059;0.5027565824749585;0.6247924131944445
RIBCA;cHL_2_MIBI;level_1;0.8239348249959704;;0.2156182221705593;0.161199912898244;0.1950701891001186;0.7929809954798751;0.3179565335987104;1.0;0.9357132523148148
RIBCA;cHL_2_MIBI;level_2;0.6946799947397733;;0.2722839202306945;0.4853873654368509;0.3578955353714973;0.7943561340254223;0.38663743520464333;1.0;0.9357132523148148
RIBCA;cHL_2_MIBI;level_3;0.4070483927317905;0.6731894464232918;0.263982510888272;0.388091835599202;0.2204061305317642;0.6295392656597871;0.2887198144562969;1.0;0.9357132523148148
RIBCA_adapted;cHL_2_MIBI;level_1;0.9118905365500708;;0.3349189678962095;0.1615200724036921;0.1739291114115051;0.8756284210640242;0.36418003334859494;1.0;0.9357132523148148
RIBCA_adapted;cHL_2_MIBI;level_2;0.765167618403072;;0.3892187400816336;0.5407566981898885;0.3818688907775805;0.8702208997334884;0.443397925829021;1.0;0.9357132523148148
RIBCA_adapted;cHL_2_MIBI;level_3;0.4475380836978211;0.7210461134311771;0.3605613897228592;0.4170658776637214;0.2362238433161302;0.6598574404565736;0.3252123471890468;1.0;0.9357132523148148
Scyan;cHL_2_MIBI;level_1;0.8195597746267402;;0.3672259227485342;0.2948954329808186;0.247442819917464;0.7860348687424165;0.3776734449286362;0.9160412416372832;0.8718091319444444
Scyan;cHL_2_MIBI;level_2;0.6884919316096126;;0.478838401126138;0.5060931858579126;0.3449429613973285;0.7718902370026763;0.4273672918064556;0.851595456667854;0.8718091319444444
Scyan;cHL_2_MIBI;level_3;0.4865317052397719;0.6674858193041674;0.4500254242227613;0.449005324976495;0.2527580385094806;0.7001659218383525;0.3618917763795755;0.808105903382649;0.8718091319444444
Starling;cHL_2_MIBI;level_1;0.7827011238281296;;0.1830789813705225;0.1375761481392849;0.2185559042824731;0.6205919131224003;0.2813187076317481;0.9775838250730036;0.6010189930555556
Starling;cHL_2_MIBI;level_2;0.6221691848730961;;0.3284036251943418;0.3574383853888687;0.2679297545643141;0.7801005012191597;0.35176191220778175;0.9634980756214836;0.6010189930555556
Starling;cHL_2_MIBI;level_3;0.2770179154216593;0.5861033285632826;0.1860104975528858;0.2296814482070598;0.1118581462035396;0.5801227384572956;0.20602463593061326;0.96041941167595;0.6010189930555556
Stratified sampler;cHL_2_MIBI;level_1;0.7690665625219733;;0.18504988676693;8.979913858044234e-05;-0.0004253045211567;0.7282591876022548;0.2474356653351959;0.9725328788994692;0.49999961805555554
Stratified sampler;cHL_2_MIBI;level_2;0.4071841314872434;;0.1824449712106877;-0.0003447615028203;-0.000348457323713;0.7516012157276899;0.19173377228095817;0.87971164407549;0.49999961805555554
Stratified sampler;cHL_2_MIBI;level_3;0.1057674711215747;0.3744012104090285;0.066992303919118;5.55333639442366e-05;0.0001654421462245;0.6088983367908909;0.10341339862266927;0.951884274700955;0.49999961805555554
Tacit;cHL_2_MIBI;level_1;0.8393050102883125;;0.4109342737550646;0.3431641122465021;0.4252419886456698;0.7001171878863713;0.4031419004844615;1.0;0.8689152083333334
Tacit;cHL_2_MIBI;level_2;0.7051261859547187;;0.6061399805122385;0.5321375280343483;0.303564440752057;0.8473091761209934;0.46643794785675613;1.0;0.8689152083333334
Tacit;cHL_2_MIBI;level_3;0.4872753263361677;0.6692267506814155;0.470378391479858;0.425682942081352;0.2187438408674974;0.7928714504230221;0.36982040024619134;1.0;0.8689152083333334
Tribus;cHL_2_MIBI;level_1;0.803024529955539;;0.3861099747679581;0.289447024285769;0.2227113997457526;0.7455047201072637;0.37087280299616354;0.557687936290626;0.7991861805555556
Tribus;cHL_2_MIBI;level_2;0.5809929613393175;;0.4594257731808587;0.4241675350669318;0.1309804630718094;0.6592906666873797;0.35927085251207924;0.6322311770530529;0.7991861805555556
Tribus;cHL_2_MIBI;level_3;0.442749937974416;0.5532838113762086;0.429962830652058;0.3913386292687484;0.1507003697878722;0.6286599193569544;0.3225955019659322;0.6861957688999079;0.7991861805555556
XGBoost;cHL_2_MIBI;level_1;0.891790895973487;;0.4956887635217645;0.5527300515005457;0.740650067003281;0.734897241660454;0.4998099807197369;0.8287179495856556;0.6248951736111111
XGBoost;cHL_2_MIBI;level_2;0.8796332937079641;;0.8152653316646793;0.7904663254808421;0.6858391746826611;0.9544296979629968;0.631286356152551;0.7849831819506554;0.6248951736111111
XGBoost;cHL_2_MIBI;level_3;0.7874524099399851;0.8679906333125773;0.7769534696173184;0.7590171512442545;0.5918368934222187;0.927459194913712;0.5918285646261352;0.70140709924568;0.6248951736111111
CellLENS_Lite;IMMUcan;level_1;0.7955859096814943;;0.5939051764058678;0.6960933756776553;0.561703941617872;0.8556144645785142;0.5329035070445952;0.9461081503161188;0.5955199305555556
CellLENS_Lite;IMMUcan;level_2;0.7647359843576369;;0.5920559879170739;0.6834797413615601;0.5905139274049954;0.850578869348946;0.5267754818672218;0.9531900860736432;0.5955199305555556
CellLENS_Lite;IMMUcan;level_3;0.6667966830981132;0.7025932195957006;0.4868788830598861;0.5972354656679132;0.613933546772117;0.7783643025542009;0.46602873908953146;0.9437523632354744;0.5955199305555556
FuseSOM;IMMUcan;level_1;0.8065539385194926;;0.6020360251796728;0.7123929602767078;0.5829188981517563;0.8552302736648997;0.5411955719463234;1.0;0.6230816319444444
FuseSOM;IMMUcan;level_2;0.769323915486562;;0.6003161735780186;0.6854721201846385;0.5850242469932904;0.8357545358650535;0.5273419692936511;1.0;0.6230816319444444
FuseSOM;IMMUcan;level_3;0.6408002020210466;0.70232901715174;0.335167152005994;0.580773521915954;0.6075084941883921;0.6982779209982382;0.418110197162617;1.0;0.6230816319444444
Astir;IMMUcan;level_1;0.6837577714239197;;0.3716156239084935;0.485448181576653;0.3477048361397243;0.564889368845177;0.37641711567745567;0.8259993001673545;0.8558428472222221
Astir;IMMUcan;level_2;0.660952250325731;;0.4025846868345469;0.4959195793882219;0.3630066265833445;0.5560718376283049;0.3812223639387349;0.8507413715368743;0.8558428472222221
Astir;IMMUcan;level_3;0.6349800910811004;0.5515933099131567;0.4580208298395067;0.4946087111495038;0.3880735088859602;0.528946424712866;0.3866421744471989;0.9040869485625256;0.8558428472222221
CellLENS_Full;IMMUcan;level_1;0.7663045626429188;;0.4392337266103521;0.650545285967705;0.5212110359462272;0.8190118769440125;0.4805428406474581;0.9412537821820902;0.125
CellLENS_Full;IMMUcan;level_2;0.7099170573491609;;0.4277593110276879;0.6126291611445293;0.5466428520334858;0.800058897095085;0.46140291942439826;0.9309383837379012;0.125
CellLENS_Full;IMMUcan;level_3;0.5728565670214485;0.6523909800314015;0.2997166272415845;0.4984430133841359;0.5666074480643594;0.6695361040499727;0.3769619071797213;0.9204972303104054;0.125
CellSighter;IMMUcan;level_1;0.8887253653316692;;0.7824759650618593;0.8223047824589065;0.7419655180797945;0.975984936880193;0.6396276418292269;0.9639262650584072;0.125
CellSighter;IMMUcan;level_2;0.8681453675218294;;0.7770417770880136;0.8102436243673088;0.7496439141372606;0.9720423466209622;0.6329769338200535;0.9683322820230876;0.125
CellSighter;IMMUcan;level_3;0.8285260498240751;0.7740358714951163;0.7152866877185357;0.7741237570511126;0.7745376259493255;0.9586893181450864;0.6074519851791382;0.9638023925261552;0.125
Deepcelltypes;IMMUcan;level_1;0.5006129147953767;;0.0702880061484158;0.1995558739311473;0.0597904460499104;0.799453044253842;0.23478444337762677;1.0;0.8885606944444444
Deepcelltypes;IMMUcan;level_2;0.3930275477371862;;0.0515358996614865;0.1588713359334795;0.0724091667351343;0.6141386500708366;0.18445522610425413;1.0;0.8885606944444444
Deepcelltypes;IMMUcan;level_3;0.3055612644542164;0.4234445135802964;0.0329692788710684;0.1102181605975736;0.1231885532896287;0.448788440671202;0.14123698735011755;1.0;0.8885606944444444
Deepcelltypes_adapted;IMMUcan;level_1;0.6182171910324483;;0.4089396611842256;0.2399527608098613;0.0673348250859207;0.8233556484884026;0.33288269878949106;1.0;0.9471981597222222
Deepcelltypes_adapted;IMMUcan;level_2;0.503088811874273;;0.3175883962340162;0.1888364882221912;0.0867186775240746;0.7409109369540079;0.277625993427532;1.0;0.9471981597222222
Deepcelltypes_adapted;IMMUcan;level_3;0.4095405199606309;0.5098402099634582;0.1178671722163648;0.1331700989798255;0.1420774990542546;0.5451011940641008;0.19251228064497147;1.0;0.9471981597222222
FlowSOM;IMMUcan;level_1;0.848264269661124;;0.6832174942425184;0.7669777228945858;0.6765503475792439;0.9367121911662945;0.5922908173194955;0.9700614044634814;0.6244996180555555
FlowSOM;IMMUcan;level_2;0.818145898301986;;0.6773159904904883;0.7452904031689638;0.689189811356217;0.9334580154843368;0.5825747692268259;0.9781697964351376;0.6244996180555555
FlowSOM;IMMUcan;level_3;0.7381514895168294;0.7481933856607027;0.5295549307768693;0.6736506381519726;0.7137806029667747;0.8498453622926042;0.5178292438209156;0.951109273842184;0.6244996180555555
FlowSOM Meta Clusters;IMMUcan;level_1;0.7627983689095069;;0.557587509307629;0.6436924645010423;0.4971181335135219;0.8347886500417848;0.5022478224733513;0.8497200874797081;0.6244996180555555
FlowSOM Meta Clusters;IMMUcan;level_2;0.6156446482913998;;0.4333423605674798;0.5248054844092839;0.4701013000478738;0.6854182421009766;0.4099910057779238;0.8102630022964666;0.6244996180555555
FlowSOM Meta Clusters;IMMUcan;level_3;0.5207781609697473;0.626054501485268;0.2023368945721028;0.4376180220703765;0.4474668644255121;0.5504673534204719;0.31316892064815305;0.9340899990553077;0.6244996180555555
Logistic Regression;IMMUcan;level_1;0.8841679256704318;;0.7925609680283641;0.8166880442755013;0.7183168204945759;0.9360900788513478;0.63311282566977;0.9365654871733152;0.6248750173611111
Logistic Regression;IMMUcan;level_2;0.8637738435814605;;0.7883328565302277;0.8049572934164235;0.7127038337321838;0.9330264557528248;0.6258413263512776;0.9269379581099868;0.6248750173611111
Logistic Regression;IMMUcan;level_3;0.8391538951112395;0.7688473617431466;0.7464084911155876;0.7834740899239808;0.7355220316323292;0.9077875589826492;0.6080174090342162;0.9233859626189608;0.6248750173611111
MAPS;IMMUcan;level_1;0.9314546957834752;;0.8810426140767007;0.8916470704278551;0.8214533142451529;0.967688882839313;0.6854096193065969;0.9749074493581836;0.6100960416666666
MAPS;IMMUcan;level_2;0.9213860726252868;;0.8780016253696991;0.8876265630826456;0.8270316974403858;0.9664718136166858;0.682686562739748;0.9729611981530536;0.6100960416666666
MAPS;IMMUcan;level_3;0.9037548631331356;0.8204287726732267;0.8474691385481006;0.8724835827477053;0.8395964456788562;0.9569839620591326;0.6705971134618673;0.9728915585371636;0.6100960416666666
Most Frequent;IMMUcan;level_1;0.2911312066693061;;0.1577992550437234;0.0;0.0;0.4145019850014856;0.12788108227601191;0.9587085286086204;0.4999999479166667
Most Frequent;IMMUcan;level_2;0.2911312066693061;;0.1262394040349787;0.0;0.0;0.4145019850014857;0.121569112074263;0.9587085286086204;0.4999999479166667
Most Frequent;IMMUcan;level_3;0.2911312066693061;0.4611641134220999;0.0450855014410638;0.0;0.0;0.4145019850014857;0.10533833155548002;0.9587085286086204;0.4999999479166667
Random Forest;IMMUcan;level_1;0.9406768245262258;;0.893150368334082;0.9060061362222612;0.8457797055210463;0.9772687832337588;0.6952742232651996;0.9810116308395124;0.6242631770833333
Random Forest;IMMUcan;level_2;0.93091462191884;;0.891082785934626;0.9011962490768044;0.8473599877815472;0.9771411592149216;0.6924478846376149;0.980979616765702;0.6242631770833333
Random Forest;IMMUcan;level_3;0.9150936259706726;0.8314711964201054;0.8594904167160362;0.8891458340952708;0.8575708500326561;0.9637021551070714;0.68039215693303;0.98022548212502;0.6242631770833333
RIBCA;IMMUcan;level_1;0.2502598484895142;;0.1755216348787817;0.1455311166193024;0.0716129661764272;0.3707583144764623;0.15447216108922873;1.0;0.8834935416666667
RIBCA;IMMUcan;level_2;0.2089552405263207;;0.2201455215690267;0.2139876446490939;0.1027138008445333;0.3687371718174859;0.1727250364134964;1.0;0.8834935416666667
RIBCA;IMMUcan;level_3;0.1398616754891434;0.3006962477148294;0.1680114278809735;0.1960994378549681;0.1737680290842596;0.2837456695913717;0.14315096390315665;1.0;0.8834935416666667
RIBCA_adapted;IMMUcan;level_1;0.2935360544272675;;0.226101241109579;0.1795538346869554;0.0764939217531234;0.3204778635879153;0.1726736412384694;1.0;0.8834935416666667
RIBCA_adapted;IMMUcan;level_2;0.2444478235886703;;0.2813503007675361;0.2586113359333154;0.1284886998389075;0.3201058457673008;0.19579577659354624;1.0;0.8834935416666667
RIBCA_adapted;IMMUcan;level_3;0.1876107348564011;0.3220781736348747;0.2664769318560571;0.2637474714874504;0.2311164120034231;0.2585749569768752;0.18558090604322455;1.0;0.8834935416666667
Scyan;IMMUcan;level_1;0.8265346572164501;;0.6145677372983934;0.7463883395109171;0.6364510414200951;0.8701673918259926;0.5597729308492209;0.9413014952587646;0.8727363541666666
Scyan;IMMUcan;level_2;0.7985383638654048;;0.6274368475943269;0.7304866784614034;0.6471005711742248;0.8695406731713121;0.5554637699041063;0.9401394347064004;0.8727363541666666
Scyan;IMMUcan;level_3;0.7494596220789821;0.7333822614479967;0.5878655630252413;0.6764817197174956;0.6962484964559256;0.8284238128108218;0.5278937333349571;0.968472073589024;0.8727363541666666
Starling;IMMUcan;level_1;0.8224612027804705;;0.6628214593302331;0.7132510854157941;0.6127460468694058;0.965535805117248;0.5716922817577029;0.9879736463608972;0.5843445833333334
Starling;IMMUcan;level_2;0.7888690905035564;;0.6560259523865916;0.692035784746749;0.6164117448143973;0.9629306080122492;0.5606960144538589;0.9864627374754636;0.5843445833333334
Starling;IMMUcan;level_3;0.6504159714938187;0.7029994529900578;0.3739501222048232;0.5636079978526926;0.6242545707668586;0.7843825600965448;0.43564445232344823;0.9657460853120956;0.5843445833333334
Stratified sampler;IMMUcan;level_1;0.3762940792061707;;0.2498014108789359;0.0006037681072538;6.73423828097451e-05;0.9655840155072348;0.2261635577217182;0.9940755559223682;0.49999916666666666
Stratified sampler;IMMUcan;level_2;0.3074973919479177;;0.1993734202122007;0.0003317141782749;0.0001379706506499;0.9480638150871776;0.2029193050522753;0.9917104707229116;0.49999916666666666
Stratified sampler;IMMUcan;level_3;0.2449803790147043;0.3081180778442641;0.0702948693434161;0.0001327512648374;0.0002027692124823;0.9050594252885066;0.16190573733562275;0.9902632028933124;0.49999916666666666
Tacit;IMMUcan;level_1;0.7657541999193405;;0.5749302558330359;0.6287406427744375;0.4824912992359486;0.8839742185318054;0.5079310618712817;1.0;0.8634810416666667
Tacit;IMMUcan;level_2;0.7199662821219729;;0.5658769725401688;0.5977695507896266;0.4495130309986267;0.8361592177859609;0.4842240584196802;1.0;0.8634810416666667
Tacit;IMMUcan;level_3;0.6561325722711269;0.6306130753018329;0.4757970000381607;0.5289623803436788;0.5077468464537652;0.7398676424334927;0.4353369524480686;1.0;0.8634810416666667
Tribus;IMMUcan;level_1;0.7348118644032396;;0.5570644012040166;0.5927674567505994;0.3917719818681915;0.874055674334547;0.4837647093650425;0.8490779105154156;0.79716875
Tribus;IMMUcan;level_2;0.6898649483666058;;0.5318334490568697;0.5599932809446246;0.4132745355786124;0.836238877518562;0.4621543658874722;0.8004449223168327;0.79716875
Tribus;IMMUcan;level_3;0.6117212982480937;0.6174196349653025;0.3856031245761626;0.4633135604853716;0.4974157058332367;0.7100342062646045;0.39265610595041334;0.7980305199936932;0.79716875
XGBoost;IMMUcan;level_1;0.947002161750983;;0.907800012552042;0.9157873851878204;0.8590367006263488;0.9777886718969372;0.7022954021058702;0.9793609827574836;0.6248865277777778
XGBoost;IMMUcan;level_2;0.9388188245283868;;0.9050502962231112;0.9122308901212344;0.8626510261377047;0.9773245140751208;0.6999582729734419;0.9798881910252896;0.6248865277777778
XGBoost;IMMUcan;level_3;0.9258012030540324;0.8338605408257443;0.8833794412193392;0.9019919789777988;0.8733857666451541;0.9738161292780028;0.6919312733730454;0.9818774259545348;0.6248865277777778
Phenograph;cHL_2_MIBI;level_1;0.8544826127182306;;0.4266851064027882;0.4062896042325481;0.5007355591426708;0.7379032595322985;0.4319193960372736;0.9828184762031976;0.6216816319444445
Phenograph;cHL_2_MIBI;level_2;0.760199150735805;;0.6529146140843971;0.5741903828548045;0.4242184688592905;0.9207435348616868;0.5114795651977148;0.9794767593038132;0.6216816319444445
Phenograph;cHL_2_MIBI;level_3;0.5524874748173118;0.726424756979445;0.4896698295007076;0.4953701372992667;0.2790561337099506;0.8283434677660061;0.4071316961594815;0.9705668150582822;0.6216816319444445
Phenograph;IMMUcan;level_1;0.7410830735105677;;0.5442322838286272;0.6116503488111998;0.4450732919890012;0.8409923314953582;0.4862747614282193;0.946377596442412;0.5789890625
Phenograph;IMMUcan;level_2;0.7041082742311567;;0.5273591642198315;0.5974602847770397;0.4865217820248761;0.8359916606457585;0.47686195551584043;0.9422969346976676;0.5789890625
Phenograph;IMMUcan;level_3;0.5966335268918298;0.6629749752164512;0.3589344859775811;0.5035592890406408;0.5219793648164637;0.7519336882429908;0.3999505110808132;0.9512634837256686;0.5789890625
Leiden;cHL_2_MIBI;level_1;0.8542022295979042;;0.4249014414444266;0.4019682003584699;0.5024715231530064;0.733538508298634;0.4302686279443206;0.982122735579661;0.6176064583333334
Leiden;cHL_2_MIBI;level_2;0.7621429454892086;;0.6540159924349178;0.5815605488870648;0.424812067633577;0.9211147069756326;0.5135769097904319;0.9823114827356552;0.6176064583333334
Leiden;cHL_2_MIBI;level_3;0.5583502135431424;0.7266561771898141;0.4941964697251497;0.5011687414265416;0.2813254205882763;0.8288122169406229;0.41037257607717786;0.981489100191448;0.6176064583333334
Leiden;IMMUcan;level_1;0.7853744943791268;;0.5824278855829695;0.6810766571821035;0.5401629571646442;0.8466009727477275;0.5231659809565737;0.9729679828042374;0.6125476388888889
Leiden;IMMUcan;level_2;0.7485936945505253;;0.5722520567915825;0.6626135705919969;0.5679678228795855;0.839110819611224;0.5128788407885136;0.9737364004169567;0.6125476388888889
Leiden;IMMUcan;level_3;0.6543723365054288;0.6906016413220994;0.4564892667949161;0.5751608297142667;0.5994105617963446;0.7936661786627455;0.4542223795259422;0.9461661121756424;0.6125476388888889
Nimbus;cHL_2_MIBI;level_1;0.8277749193061524;;0.340851521254694;0.2399748454093718;0.2551075874117874;0.7642458031511757;0.3607273637928816;0.9737968712101268;0.6191681944444445
Nimbus;cHL_2_MIBI;level_2;0.6751194851963525;;0.4698021683030009;0.4230677965666882;0.2928469009794166;0.8769435858178962;0.4152540929818551;0.9445000271044685;0.6191681944444445
Nimbus;cHL_2_MIBI;level_3;0.4546131881037416;0.6545434138729467;0.3617800469565029;0.3869257754569891;0.1866753771839076;0.7744883620610333;0.33035190820133364;0.9455498494406824;0.6191681944444445
Nimbus;IMMUcan;level_1;0.6824152435941866;;0.4757865848640666;0.5082021023313963;0.3473430668604069;0.8365638670313771;0.4341592858067602;0.9609263236664548;0.6079948263888889
Nimbus;IMMUcan;level_2;0.6239693221694493;;0.4427860317265348;0.4684245104707599;0.3733317445567998;0.8320243947532123;0.4117866669215003;0.9819082389955502;0.6079948263888889
Nimbus;IMMUcan;level_3;0.5128618195316067;0.5853855504532193;0.2534610246673163;0.3891410764355708;0.4245693378015205;0.704788358996863;0.3291184614493797;0.9844314948218248;0.6079948263888889
